AnimalID,Age,Sex,GenoType,Strain,ExpName,Housing,LightCycle,PISiteUser,SessionName,Image,Image_Description,Analysis_Name,Schedule_Name,Max_Number_Trials,Max_Schedule_Time,Date_Time,BLANK TOUCH LATENCY _1,BLANK TOUCH LATENCY _2,BLANK TOUCH LATENCY _3,BLANK TOUCH LATENCY _4,BLANK TOUCH LATENCY _5,BLANK TOUCH LATENCY _6,BLANK TOUCH LATENCY _7,BLANK TOUCH LATENCY _8,CORRECT CENTRE TOUCH LATENCY _1,CORRECT CENTRE TOUCH LATENCY _2,CORRECT REWARD COLLECTION _1,CORRECT REWARD COLLECTION _2,CORRECT TOUCH LATENCY _1,CORRECT TOUCH LATENCY _2,END SUMMARY - BLANK TOUCHES _1,END SUMMARY - CENTRE ITI TOUCHES _1,END SUMMARY - CONDITION _1,END SUMMARY - CORRECTS _1,END SUMMARY - LEFT ITI TOUCHES _1,END SUMMARY - OMISSIONS - OMISSION _1,END SUMMARY - RIGHT ITI TOUCHES _1,OMISSION TO TRAY LATENCY _1,REWARD IR BREAKS - REWARD BEAM CNT _1,SCREEN IR BREAKS - SCREEN IR CNT _1,TRAY ENTERED - CNT _1,TRIAL ANALYSIS - CONDITION _1,TRIAL ANALYSIS - CONDITION _2,TRIAL ANALYSIS - CONDITION _3,TRIAL ANALYSIS - CONDITION _4,TRIAL ANALYSIS - CONDITION _5,TRIAL ANALYSIS - CONDITION _6,TRIAL ANALYSIS - CONDITION _7,TRIAL ANALYSIS - CONDITION _8,TRIAL ANALYSIS - CONDITION _9,TRIAL ANALYSIS - CONDITION _10,TRIAL ANALYSIS - CONDITION _11,TRIAL ANALYSIS - CONDITION _12,TRIAL ANALYSIS - CONDITION _13,TRIAL ANALYSIS - CONDITION _14,TRIAL ANALYSIS - CONDITION _15,TRIAL ANALYSIS - CONDITION _16,TRIAL ANALYSIS - CONDITION _17,TRIAL ANALYSIS - CONDITION _18,TRIAL ANALYSIS - CONDITION _19,TRIAL ANALYSIS - CONDITION _20,TRIAL ANALYSIS - CONDITION _21,TRIAL ANALYSIS - CONDITION _22,TRIAL ANALYSIS - CONDITION _23,TRIAL ANALYSIS - CONDITION _24,TRIAL ANALYSIS - CONDITION _25,TRIAL ANALYSIS - CONDITION _26,TRIAL ANALYSIS - CONDITION _27,TRIAL ANALYSIS - CONDITION _28,TRIAL ANALYSIS - CONDITION _29,TRIAL ANALYSIS - CONDITION _30,TRIAL ANALYSIS - CORRECT _1,TRIAL ANALYSIS - CORRECT _2,TRIAL ANALYSIS - CORRECT _3,TRIAL ANALYSIS - CORRECT _4,TRIAL ANALYSIS - CORRECT _5,TRIAL ANALYSIS - CORRECT _6,TRIAL ANALYSIS - CORRECT _7,TRIAL ANALYSIS - CORRECT _8,TRIAL ANALYSIS - CORRECT _9,TRIAL ANALYSIS - CORRECT _10,TRIAL ANALYSIS - CORRECT _11,TRIAL ANALYSIS - CORRECT _12,TRIAL ANALYSIS - CORRECT _13,TRIAL ANALYSIS - CORRECT _14,TRIAL ANALYSIS - CORRECT _15,TRIAL ANALYSIS - CORRECT _16,TRIAL ANALYSIS - CORRECT _17,TRIAL ANALYSIS - CORRECT _18,TRIAL ANALYSIS - CORRECT _19,TRIAL ANALYSIS - CORRECT _20,TRIAL ANALYSIS - CORRECT _21,TRIAL ANALYSIS - CORRECT _22,TRIAL ANALYSIS - CORRECT _23,TRIAL ANALYSIS - CORRECT _24,TRIAL ANALYSIS - CORRECT _25,TRIAL ANALYSIS - CORRECT _26,TRIAL ANALYSIS - CORRECT _27,TRIAL ANALYSIS - CORRECT _28,TRIAL ANALYSIS - CORRECT _29,TRIAL ANALYSIS - CORRECT _30,TRIAL ANALYSIS - OMISSIONS - OMISSION _1,TRIAL ANALYSIS - OMISSIONS - OMISSION _2,TRIAL ANALYSIS - OMISSIONS - OMISSION _3,TRIAL ANALYSIS - OMISSIONS - OMISSION _4,TRIAL ANALYSIS - OMISSIONS - OMISSION _5,TRIAL ANALYSIS - OMISSIONS - OMISSION _6,TRIAL ANALYSIS - OMISSIONS - OMISSION _7,TRIAL ANALYSIS - OMISSIONS - OMISSION _8,TRIAL ANALYSIS - OMISSIONS - OMISSION _9,TRIAL ANALYSIS - OMISSIONS - OMISSION _10,TRIAL ANALYSIS - OMISSIONS - OMISSION _11,TRIAL ANALYSIS - OMISSIONS - OMISSION _12,TRIAL ANALYSIS - OMISSIONS - OMISSION _13,TRIAL ANALYSIS - OMISSIONS - OMISSION _14,TRIAL ANALYSIS - OMISSIONS - OMISSION _15,TRIAL ANALYSIS - OMISSIONS - OMISSION _16,TRIAL ANALYSIS - OMISSIONS - OMISSION _17,TRIAL ANALYSIS - OMISSIONS - OMISSION _18,TRIAL ANALYSIS - OMISSIONS - OMISSION _19,TRIAL ANALYSIS - OMISSIONS - OMISSION _20,TRIAL ANALYSIS - OMISSIONS - OMISSION _21,TRIAL ANALYSIS - OMISSIONS - OMISSION _22,TRIAL ANALYSIS - OMISSIONS - OMISSION _23,TRIAL ANALYSIS - OMISSIONS - OMISSION _24,TRIAL ANALYSIS - OMISSIONS - OMISSION _25,TRIAL ANALYSIS - OMISSIONS - OMISSION _26,TRIAL ANALYSIS - OMISSIONS - OMISSION _27,TRIAL ANALYSIS - OMISSIONS - OMISSION _28,TRIAL ANALYSIS - OMISSIONS - OMISSION _29,TRIAL ANALYSIS - OMISSIONS - OMISSION _30,TRIAL ANALYSIS - TIME _1,TRIAL ANALYSIS - TIME _2,TRIAL ANALYSIS - TIME _3,TRIAL ANALYSIS - TIME _4,TRIAL ANALYSIS - TIME _5,TRIAL ANALYSIS - TIME _6,TRIAL ANALYSIS - TIME _7,TRIAL ANALYSIS - TIME _8,TRIAL ANALYSIS - TIME _9,TRIAL ANALYSIS - TIME _10,TRIAL ANALYSIS - TIME _11,TRIAL ANALYSIS - TIME _12,TRIAL ANALYSIS - TIME _13,TRIAL ANALYSIS - TIME _14,TRIAL ANALYSIS - TIME _15,TRIAL ANALYSIS - TIME _16,TRIAL ANALYSIS - TIME _17,TRIAL ANALYSIS - TIME _18,TRIAL ANALYSIS - TIME _19,TRIAL ANALYSIS - TIME _20,TRIAL ANALYSIS - TIME _21,TRIAL ANALYSIS - TIME _22,TRIAL ANALYSIS - TIME _23,TRIAL ANALYSIS - TIME _24,TRIAL ANALYSIS - TIME _25,TRIAL ANALYSIS - TIME _26,TRIAL ANALYSIS - TIME _27,TRIAL ANALYSIS - TIME _28,TRIAL ANALYSIS - TIME _29,TRIAL ANALYSIS - TIME _30,CORRECT CENTRE TOUCH LATENCY _3,CORRECT CENTRE TOUCH LATENCY _4,CORRECT CENTRE TOUCH LATENCY _5,CORRECT CENTRE TOUCH LATENCY _6,CORRECT CENTRE TOUCH LATENCY _7,CORRECT CENTRE TOUCH LATENCY _8,CORRECT CENTRE TOUCH LATENCY _9,CORRECT REWARD COLLECTION _3,CORRECT TOUCH LATENCY _3,CORRECT TOUCH LATENCY _4,CORRECT TOUCH LATENCY _5,CORRECT TOUCH LATENCY _6,CORRECT TOUCH LATENCY _7,CORRECT TOUCH LATENCY _8,CORRECT TOUCH LATENCY _9,CORRECT REWARD COLLECTION _4,CORRECT REWARD COLLECTION _5,CORRECT REWARD COLLECTION _6,CORRECT REWARD COLLECTION _7,CORRECT CENTRE TOUCH LATENCY _10,CORRECT TOUCH LATENCY _10,CORRECT CENTRE TOUCH LATENCY _11,CORRECT CENTRE TOUCH LATENCY _12,CORRECT CENTRE TOUCH LATENCY _13,CORRECT REWARD COLLECTION _8,CORRECT TOUCH LATENCY _11,CORRECT TOUCH LATENCY _12,CORRECT TOUCH LATENCY _13,CORRECT CENTRE TOUCH LATENCY _14,CORRECT CENTRE TOUCH LATENCY _15,CORRECT CENTRE TOUCH LATENCY _16,CORRECT CENTRE TOUCH LATENCY _17,CORRECT TOUCH LATENCY _14,CORRECT TOUCH LATENCY _15,CORRECT TOUCH LATENCY _16,CORRECT TOUCH LATENCY _17,BLANK TOUCH LATENCY _9,BLANK TOUCH LATENCY _10,BLANK TOUCH LATENCY _11,BLANK TOUCH LATENCY _12,CORRECT REWARD COLLECTION _9,BLANK TOUCH LATENCY _13,BLANK TOUCH LATENCY _14,BLANK TOUCH LATENCY _15,BLANK TOUCH LATENCY _16,CORRECT REWARD COLLECTION _10,CORRECT CENTRE TOUCH LATENCY _18,CORRECT CENTRE TOUCH LATENCY _19,CORRECT CENTRE TOUCH LATENCY _20,CORRECT CENTRE TOUCH LATENCY _21,CORRECT REWARD COLLECTION _11,CORRECT REWARD COLLECTION _12,CORRECT REWARD COLLECTION _13,CORRECT REWARD COLLECTION _14,CORRECT REWARD COLLECTION _15,CORRECT TOUCH LATENCY _18,CORRECT TOUCH LATENCY _19,CORRECT TOUCH LATENCY _20,CORRECT TOUCH LATENCY _21,CORRECT CENTRE TOUCH LATENCY _22,CORRECT CENTRE TOUCH LATENCY _23,CORRECT CENTRE TOUCH LATENCY _24,CORRECT CENTRE TOUCH LATENCY _25,CORRECT CENTRE TOUCH LATENCY _26,CORRECT REWARD COLLECTION _16,CORRECT REWARD COLLECTION _17,CORRECT TOUCH LATENCY _22,CORRECT TOUCH LATENCY _23,CORRECT TOUCH LATENCY _24,CORRECT TOUCH LATENCY _25,CORRECT TOUCH LATENCY _26
EnF126m2,11_13     ,m,VAChT^flox/flox,VAChT^En1-Cre-flox/flox,OK_En1CreVAChTfx_Extinction,Single-housed,Diurnal light cycle,Dr. Marco Prado - Robarts Research Institute - Ornela-Kljakic,Extinction_Probe,,,Extinction Touch - Helena - DP,EXTINCTION TEST - Helena,30,,2015-08-27 2:32:39 PM,0.123,2.755,0.388,9.926,5.324,7.84,6.71,5.191,101.831,215.867,27.978,88.868,7.811,8.907,26,0,721.977,2,0,1,3,4.017,56,146,33,24.084,49.085,74.085,99.086,121.898,139.876,164.876,189.877,204.878,229.878,254.879,279.879,304.879,328.858,352.767,377.767,402.768,427.768,452.768,477.769,499.582,521.973,546.973,571.973,596.974,621.975,646.976,671.977,696.977,721.977,0,0,0,0,1,0,0,0,0,0,0,0,0,0,1,0,0,0,0,0,0,0,0,0,0,0,0,0,0,0,1,0,0,0,0,0,0,0,0,0,0,0,0,0,0,0,0,0,0,0,0,0,0,0,0,0,0,0,0,0,24.084,49.085,74.085,99.086,121.898,139.876,164.876,189.877,204.878,229.878,254.879,279.879,304.879,328.858,352.767,377.767,402.768,427.768,452.768,477.769,499.582,521.973,546.973,571.973,596.974,621.975,646.976,671.977,696.977,721.977,,,,,,,,,,,,,,,,,,,,,,,,,,,,,,,,,,,,,,,,,,,,,,,,,,,,,,,,,,,,,,,,,,,,,,,
EnF121m6,11_13     ,m, VAChT^En1-Cre-flox/flox,VAChT^En1-Cre-flox/flox,OK_En1CreVAChTfx_Extinction,Single-housed,Diurnal light cycle,Dr. Marco Prado - Robarts Research Institute - Ornela-Kljakic,Extinction_Probe,,,Extinction Touch - Helena - DP,EXTINCTION TEST - Helena,30,,2015-08-26 3:20:34 PM,9.941,1.234,4.608,0.965,0.257,2.657,1.981,,129.425,46.216,54.153,65.227,4.422,2.063,33,0,694.099,9,10,1,8,113.371,20,145,8,30.02,55.021,80.021,105.023,130.023,149.446,174.446,193.599,210.663,235.664,260.664,279.169,297.922,322.922,341.102,362.592,387.592,412.592,437.593,462.593,487.593,507.824,530.38,555.38,573.751,594.098,619.098,644.099,669.099,694.099,0,0,0,0,0,1,0,0,1,0,0,1,1,0,1,1,0,0,0,0,0,0,1,0,1,1,0,0,0,0,1,0,0,0,0,0,0,0,0,0,0,0,0,0,0,0,0,0,0,0,0,0,0,0,0,0,0,0,0,0,30.02,55.021,80.021,105.023,130.023,149.446,174.446,193.599,210.663,235.664,260.664,279.169,297.922,322.922,341.102,362.592,387.592,412.592,437.593,462.593,487.593,507.824,530.38,555.38,573.751,594.098,619.098,644.099,669.099,694.099,53.505,3.751,28.179,6.621,152.787,28.37,5.346,9.868,3.503,3.751,3.178,6.621,7.555,3.37,5.346,,,,,,,,,,,,,,,,,,,,,,,,,,,,,,,,,,,,,,,,,,,,,,,,,,,,,,,,
EnF126m2,11_13     ,m,VAChT^flox/flox,VAChT^En1-Cre-flox/flox,OK_En1CreVAChTfx_Extinction,Single-housed,Diurnal light cycle,Dr. Marco Prado - Robarts Research Institute - Ornela-Kljakic,Extinction_Probe,,,Extinction Touch - Helena - DP,EXTINCTION TEST - Helena,30,,2015-08-26 3:20:04 PM,7.372,0.844,9.28,3.037,1.202,8.676,6.283,,163.835,116.913,7.983,29.763,1.368,1.205,20,0,619.764,5,4,1,0,2.713,65,72,109,22.733,47.733,68.272,93.272,118.273,143.273,167.486,181.838,196.838,221.838,242.321,257.321,282.321,297.546,313.752,333.514,349.63,364.987,380.607,395.607,420.607,445.608,470.608,484.138,500.703,525.703,550.704,569.764,594.764,619.764,0,0,0,0,0,0,0,1,0,0,0,0,0,0,1,0,1,0,0,0,0,0,0,1,1,0,0,0,0,0,1,0,0,0,0,0,0,0,0,0,0,0,0,0,0,0,0,0,0,0,0,0,0,0,0,0,0,0,0,0,22.733,47.733,68.272,93.272,118.273,143.273,167.486,181.838,196.838,221.838,242.321,257.321,282.321,297.546,313.752,333.514,349.63,364.987,380.607,395.607,420.607,445.608,470.608,484.138,500.703,525.703,550.704,569.764,594.764,619.764,20.877,127.208,1.564,,,,,18.636,1.115,6.23,1.564,,,,,2.299,39.507,,,,,,,,,,,,,,,,,,,,,,,,,,,,,,,,,,,,,,,,,,,,,,,,,,,,,,
EnF121m6,11_13     ,m, VAChT^En1-Cre-flox/flox,VAChT^En1-Cre-flox/flox,OK_En1CreVAChTfx_Extinction,Single-housed,Diurnal light cycle,Dr. Marco Prado - Robarts Research Institute - Ornela-Kljakic,Extinction_Probe,,,Extinction Touch - Helena - DP,EXTINCTION TEST - Helena,30,,2015-08-25 2:44:53 PM,8.422,8.115,1.69,1.857,1.116,9.914,8.407,3.286,122.893,26.267,6.146,55.765,4.142,1.266,14,0,699.197,9,2,1,8,3.749,26,135,10,23.767,48.768,73.768,98.768,123.768,139.057,164.058,180.325,205.325,226.091,251.092,276.092,301.093,320.301,345.301,370.301,393.039,411.091,430.714,452.592,475.314,500.315,525.315,549.194,574.195,599.195,624.196,649.196,674.197,699.197,0,0,0,0,0,1,0,1,0,0,0,0,0,1,0,0,1,1,1,1,1,0,0,1,0,0,0,0,0,0,1,0,0,0,0,0,0,0,0,0,0,0,0,0,0,0,0,0,0,0,0,0,0,0,0,0,0,0,0,0,23.767,48.768,73.768,98.768,123.768,139.057,164.058,180.325,205.325,226.091,251.092,276.092,301.093,320.301,345.301,370.301,393.039,411.091,430.714,452.592,475.314,500.315,525.315,549.194,574.195,599.195,624.196,649.196,674.197,699.197,126.355,57.737,6.431,4.621,6.877,7.72,58.88,8.62,5.587,7.737,6.431,4.621,6.877,7.72,8.879,6.62,,,,,,,,,,,,,,,,,,,,,,,,,,,,,,,,,,,,,,,,,,,,,,,,,,,,,,,
EnF126m2,11_13     ,m,VAChT^flox/flox,VAChT^En1-Cre-flox/flox,OK_En1CreVAChTfx_Extinction,Single-housed,Diurnal light cycle,Dr. Marco Prado - Robarts Research Institute - Ornela-Kljakic,Extinction_Probe,,,Extinction Touch - Helena - DP,EXTINCTION TEST - Helena,30,,2015-08-25 2:44:13 PM,6.938,,,,,,,,143.279,24.084,12.349,2.487,4.138,9.084,1,0,614.078,3,8,1,1,40.044,51,64,132,30.02,55.02,80.021,96.715,121.716,144.16,163.298,178.299,202.386,215.138,230.566,245.568,261.769,276.771,291.772,316.772,332.394,349.546,365.842,381.872,398.69,423.69,445.712,469,489.075,514.076,539.077,564.078,589.078,614.078,0,0,0,0,0,0,1,0,1,1,0,0,0,0,0,0,0,0,0,0,0,0,0,0,0,0,0,0,0,0,1,0,0,0,0,0,0,0,0,0,0,0,0,0,0,0,0,0,0,0,0,0,0,0,0,0,0,0,0,0,30.02,55.02,80.021,96.715,121.716,144.16,163.298,178.299,202.386,215.138,230.566,245.568,261.769,276.771,291.772,316.772,332.394,349.546,365.842,381.872,398.69,423.69,445.712,469,489.075,514.076,539.077,564.078,589.078,614.078,5.261,,,,,,,,5.261,,,,,,,,,,,,,,,,,,,,,,,,,,,,,,,,,,,,,,,,,,,,,,,,,,,,,,,,,,,,,,
EnF121m5,11_13     ,m, VAChT^En1-Cre-flox/flox,VAChT^En1-Cre-flox/flox,OK_En1CreVAChTfx_Extinction,Single-housed,Diurnal light cycle,Dr. Marco Prado - Robarts Research Institute - Ornela-Kljakic,Extinction_Probe,,,Extinction Touch - Helena - DP,EXTINCTION TEST - Helena,30,,2015-07-30 2:33:49 PM,7.317,8.268,,,,,,,99.305,20.62,9.461,15.039,8.973,4.054,3,0,677.462,4,1,1,0,25.328,0,114,47,30.034,45.363,70.364,95.365,118.801,135.367,154.422,175.351,185.944,209.01,233.903,258.903,283.904,308.904,333.904,358.905,383.905,408.906,433.906,458.906,476.512,501.512,522.723,547.723,572.724,597.724,616.97,636.168,652.461,677.462,0,0,0,0,1,0,1,0,1,0,0,0,0,0,0,0,0,0,0,0,1,0,0,0,0,0,0,0,0,0,1,0,0,0,0,0,0,0,0,0,0,0,0,0,0,0,0,0,0,0,0,0,0,0,0,0,0,0,0,0,30.034,45.363,70.364,95.365,118.801,135.367,154.422,175.351,185.944,209.01,233.903,258.903,283.904,308.904,333.904,358.905,383.905,408.906,433.906,458.906,476.512,501.512,522.723,547.723,572.724,597.724,616.97,636.168,652.461,677.462,22.969,275.567,,,,,,3.552,2.041,2.605,,,,,,56.211,,,,,,,,,,,,,,,,,,,,,,,,,,,,,,,,,,,,,,,,,,,,,,,,,,,,,,,
EnF121m5,11_13     ,m, VAChT^En1-Cre-flox/flox,VAChT^En1-Cre-flox/flox,OK_En1CreVAChTfx_Extinction,Single-housed,Diurnal light cycle,Dr. Marco Prado - Robarts Research Institute - Ornela-Kljakic,Extinction_Probe,,,Extinction Touch - Helena - DP,EXTINCTION TEST - Helena,30,,2015-07-29 2:46:57 PM,6.561,1.412,1.731,,,,,,21.6,120.49,58.434,8.085,6.356,1.172,6,0,614.505,5,1,1,2,0.241,28,81,88,20.277,41.634,66.635,90.069,115.07,140.072,160.951,175.21,191.547,204.125,219.127,234.129,249.131,274.132,295.99,310.992,335.993,349.851,364.939,384.129,399.131,424.132,449.133,474.135,499.136,524.137,549.139,574.14,589.503,614.505,0,1,0,0,0,0,0,1,1,1,0,0,0,0,0,0,0,1,0,0,0,0,0,0,0,0,0,0,0,0,1,0,0,0,0,0,0,0,0,0,0,0,0,0,0,0,0,0,0,0,0,0,0,0,0,0,0,0,0,0,20.277,41.634,66.635,90.069,115.07,140.072,160.951,175.21,191.547,204.125,219.127,234.129,249.131,274.132,295.99,310.992,335.993,349.851,364.939,384.129,399.131,424.132,449.133,474.135,499.136,524.137,549.139,574.14,589.503,614.505,1.333,1.17,138.177,,,,,6.406,1.333,1.17,6.308,,,,,2.547,,,,,,,,,,,,,,,,,,,,,,,,,,,,,,,,,,,,,,,,,,,,,,,,,,,,,,,
EnF121m5,11_13     ,m, VAChT^En1-Cre-flox/flox,VAChT^En1-Cre-flox/flox,OK_En1CreVAChTfx_Extinction,Single-housed,Diurnal light cycle,Dr. Marco Prado - Robarts Research Institute - Ornela-Kljakic,Extinction_Probe,,,Extinction Touch - Helena - DP,EXTINCTION TEST - Helena,30,,2015-07-28 1:59:49 PM,8.568,,,,,,,,161.225,20.165,29.279,67.758,2.009,0.887,2,0,692.502,7,1,1,1,6.45,37,98,16,26.55,51.551,66.552,91.553,114.311,139.311,164.312,181.324,200.602,216.491,238.542,256.8,279.433,304.436,329.437,349.508,374.508,399.509,424.51,449.51,474.511,492.497,517.498,542.498,567.499,592.499,617.5,642.501,667.501,692.502,0,0,0,0,0,0,0,1,0,1,1,1,1,0,0,1,0,0,0,0,0,1,0,0,0,0,0,0,0,0,1,0,0,0,0,0,0,0,0,0,0,0,0,0,0,0,0,0,0,0,0,0,0,0,0,0,0,0,0,0,26.55,51.551,66.552,91.553,114.311,139.311,164.312,181.324,200.602,216.491,238.542,256.8,279.433,304.436,329.437,349.508,374.508,399.509,424.51,449.51,474.511,492.497,517.498,542.498,567.499,592.499,617.5,642.501,667.501,692.502,7.049,3.256,7.612,55.073,127.987,,,,7.049,3.256,7.612,5.069,2.984,,,,,,,,,,,,,,,,,,,,,,,,,,,,,,,,,,,,,,,,,,,,,,,,,,,,,,,,,,
EnF121m5,11_13     ,m, VAChT^En1-Cre-flox/flox,VAChT^En1-Cre-flox/flox,OK_En1CreVAChTfx_Extinction,Single-housed,Diurnal light cycle,Dr. Marco Prado - Robarts Research Institute - Ornela-Kljakic,Extinction_Probe,,,Extinction Touch - Helena - DP,EXTINCTION TEST - Helena,30,,2015-07-27 3:12:06 PM,6.404,2.353,2.639,2.932,2.515,,,,134.44,2.823,1.738,5.869,4.343,2.823,6,0,624.762,9,3,1,1,57.509,40,122,52,30.026,55.028,77.537,93.649,118.65,135.123,154.469,164.031,183.598,203.862,220.092,245.092,270.093,280.968,305.969,330.969,350.49,375.491,400.491,418.08,443.081,468.081,493.082,509.697,534.698,559.698,580.104,595.143,614.595,624.762,0,0,0,0,0,0,1,1,1,1,1,0,0,1,0,0,1,0,0,0,0,0,0,1,0,0,0,0,0,1,1,0,0,0,0,0,0,0,0,0,0,0,0,0,0,0,0,0,0,0,0,0,0,0,0,0,0,0,0,0,30.026,55.028,77.537,93.649,118.65,135.123,154.469,164.031,183.598,203.862,220.092,245.092,270.093,280.968,305.969,330.969,350.49,375.491,400.491,418.08,443.081,468.081,493.082,509.697,534.698,559.698,580.104,595.143,614.595,624.762,4.565,9.395,1.229,53.645,54.52,150.966,108.36,63.651,4.565,9.395,1.229,3.644,4.518,8.374,3.462,2.23,11.229,3.24,1.704,,,,,,,,,,,,,,,,,,,,,,,,,,,,,,,,,,,,,,,,,,,,,,,,,,,,
EnF121m5,11_13     ,m, VAChT^En1-Cre-flox/flox,VAChT^En1-Cre-flox/flox,OK_En1CreVAChTfx_Extinction,Single-housed,Diurnal light cycle,Dr. Marco Prado - Robarts Research Institute - Ornela-Kljakic,Extinction_Probe,,,Extinction Touch - Helena - DP,EXTINCTION TEST - Helena,30,0,2015-07-26 2:57:48 PM,0.2,8.753,7.524,8.558,9.845,6.591,,,138.805,26.072,14.608,6.861,2.474,1.071,8,0,633.715,10,1,1,1,23.098,47,118,36,30.046,45.048,66.373,91.374,116.375,141.376,158.854,183.855,199.927,224.927,243.755,258.757,279.601,304.602,320.706,342.488,353.621,373.495,398.496,407.98,432.982,457.983,482.984,507.288,522.29,537.485,558.711,583.712,608.713,633.714,0,0,0,0,0,0,1,0,1,0,1,0,1,0,1,1,1,1,0,1,0,0,0,0,0,1,0,0,0,0,1,0,0,0,0,0,0,0,0,0,0,0,0,0,0,0,0,0,0,0,0,0,0,0,0,0,0,0,0,0,30.046,45.048,66.373,91.374,116.375,141.376,158.854,183.855,199.927,224.927,243.755,258.757,279.601,304.602,320.706,342.488,353.621,373.495,398.496,407.98,432.982,457.983,482.984,507.288,522.29,537.485,558.711,583.712,608.713,633.714,28.827,23.983,34.634,6.78,3.454,4.872,26.628,1.464,3.827,8.982,9.633,6.78,3.454,4.872,1.627,2.677,2.855,2.794,,121.71,7.4,,,,,,,,,,,,,,,,,,,,,,,,,,,,,,,,,,,,,,,,,,,,,,,,,,
EnF121m5,11_13     ,m, VAChT^En1-Cre-flox/flox,VAChT^En1-Cre-flox/flox,OK_En1CreVAChTfx_Extinction,Single-housed,Diurnal light cycle,Dr. Marco Prado - Robarts Research Institute - Ornela-Kljakic,Extinction_Probe,,,Extinction Touch - Helena - DP,EXTINCTION TEST - Helena,30,0,2015-07-25 3:11:30 PM,0.454,5.414,6.296,,,,,,57.566,3.95,8.403,0.964,7.564,3.95,3,0,629.561,13,0,1,2,55.969,49,187,28,30.063,55.065,76.034,85.949,103,126.992,151.994,176.995,201.997,219.772,238.581,263.582,279.652,287.721,312.722,337.722,362.722,379.039,387.579,408.069,423.069,439.605,464.605,489.606,514.607,539.608,557.704,579.558,604.559,629.56,0,0,1,1,1,1,0,0,0,1,1,0,1,1,0,0,0,1,1,0,0,1,0,0,0,0,1,1,0,0,1,0,0,0,0,0,0,0,0,0,0,0,0,0,0,0,0,0,0,0,0,0,0,0,0,0,0,0,0,0,30.063,55.065,76.034,85.949,103,126.992,151.994,176.995,201.997,219.772,238.581,263.582,279.652,287.721,312.722,337.722,362.722,379.039,387.579,408.069,423.069,439.605,464.605,489.606,514.607,539.608,557.704,579.558,604.559,629.56,2.049,8.99,77.779,3.807,34.433,1.617,76.317,86.363,2.049,8.99,2.774,3.807,9.432,1.617,1.315,1.637,1.449,1.951,43.13,1.588,1.588,37.025,103.097,7.649,9.203,1.534,3.094,7.649,,,,,,,,,,,,,,,,,,,,,,,,,,,,,,,,,,,,,,,,,,,
EnF119m3,11_13     ,m, VAChT^En1-Cre-flox/flox,VAChT^En1-Cre-flox/flox,OK_En1CreVAChTfx_Extinction,Single-housed,Diurnal light cycle,Dr. Marco Prado - Robarts Research Institute - Ornela-Kljakic,Extinction_Probe,,,Extinction Touch - Helena - DP,EXTINCTION TEST - Helena,30,0,2015-09-09 2:35:54 PM,0.634,2.628,0.179,4.074,3.099,5.769,1.702,,30.016,18.482,26.386,1.6,5.015,2.095,23,2,635.376,17,6,1,0,14.09,28,143,14,30.093,50.109,66.495,75.193,90.881,115.881,133.356,152.486,169.943,187.612,204.826,229.827,255.194,275.258,296.661,321.662,345.093,364.429,388.36,407.915,432.915,454.998,475.013,500.013,519.251,544.251,561.747,586.748,610.376,635.376,0,1,0,1,1,0,1,1,1,1,1,0,0,1,1,0,1,1,0,1,0,1,1,0,1,0,1,0,0,0,1,0,0,0,0,0,0,0,0,0,0,0,0,0,0,0,0,0,0,0,0,0,0,0,0,0,0,0,0,0,30.093,50.109,66.495,75.193,90.881,115.881,133.356,152.486,169.943,187.612,204.826,229.827,255.194,275.258,296.661,321.662,345.093,364.429,388.36,407.915,432.915,454.998,475.013,500.013,519.251,544.251,561.747,586.748,610.376,635.376,0.686,27.474,4.129,2.456,2.667,2.213,55.216,11.884,0.686,2.474,4.129,2.456,2.667,2.213,4.468,33.93,12.197,13.121,16.69,6.402,6.402,33.431,4.335,28.485,,8.43,4.335,4.554,32.082,5.014,29.235,27.495,7.082,5.014,4.235,2.495,,,,,,,,,,,,,,,,,,,,,,,,,,,,,,,,,,,
EnF125m2,11_13     ,m,VAChT^flox/flox,VAChT^En1-Cre-flox/flox,OK_En1CreVAChTfx_Extinction,Single-housed,Diurnal light cycle,Dr. Marco Prado - Robarts Research Institute - Ornela-Kljakic,Extinction_Probe,,,Extinction Touch - Helena - DP,EXTINCTION TEST - Helena,30,0,2015-09-08 3:29:09 PM,4.781,7.926,8.674,4.362,4.382,,,,83.124,363.223,77.47,1.976,8.121,5.747,10,0,716.544,3,1,1,0,150.594,25,111,6,30.057,55.058,80.059,103.182,128.183,153.183,170.651,195.652,220.652,245.653,270.653,295.654,320.654,345.655,370.656,395.657,420.657,445.658,460.658,473.383,491.54,516.54,541.541,566.541,591.542,616.542,641.543,666.543,691.543,716.544,0,0,0,1,0,0,0,0,0,0,0,0,0,0,0,0,0,0,0,1,1,0,0,0,0,0,0,0,0,0,1,0,0,0,0,0,0,0,0,0,0,0,0,0,0,0,0,0,0,0,0,0,0,0,0,0,0,0,0,0,30.057,55.058,80.059,103.182,128.183,153.183,170.651,195.652,220.652,245.653,270.653,295.654,320.654,345.655,370.656,395.657,420.657,445.658,460.658,473.383,491.54,516.54,541.541,566.541,591.542,616.542,641.543,666.543,691.543,716.544,3.153,,,,,,,,3.153,,,,,,,,,,,,,,,,,,,,,,,,,,,,,,,,,,,,,,,,,,,,,,,,,,,,,,,,,,,,,,
EnF125m2,11_13     ,m,VAChT^flox/flox,VAChT^En1-Cre-flox/flox,OK_En1CreVAChTfx_Extinction,Single-housed,Diurnal light cycle,Dr. Marco Prado - Robarts Research Institute - Ornela-Kljakic,Extinction_Probe,,,Extinction Touch - Helena - DP,EXTINCTION TEST - Helena,30,0,2015-09-04 2:43:11 PM,9.448,6.436,1.62,,,,,,84.53,81.991,52.481,162.573,9.526,6.95,4,0,723.266,5,3,1,0,12.375,14,89,5,30.121,55.122,80.123,104.653,129.692,154.693,179.694,201.646,226.647,244.128,269.129,294.17,319.171,344.172,369.173,394.174,419.175,438.866,463.867,488.868,505.894,523.256,548.257,573.259,598.26,623.261,648.262,673.263,698.264,723.265,0,0,0,1,0,0,0,1,0,0,0,0,0,0,0,0,0,1,0,0,1,1,0,0,0,0,0,0,0,0,1,0,0,0,0,0,0,0,0,0,0,0,0,0,0,0,0,0,0,0,0,0,0,0,0,0,0,0,0,0,30.121,55.122,80.123,104.653,129.692,154.693,179.694,201.646,226.647,244.128,269.129,294.17,319.171,344.172,369.173,394.174,419.175,438.866,463.867,488.868,505.894,523.256,548.257,573.259,598.26,623.261,648.262,673.263,698.264,723.265,222.218,51.867,2.28,,,,,,4.688,1.865,2.28,,,,,,,,,,,,,,,,,,,,,,,,,,,,,,,,,,,,,,,,,,,,,,,,,,,,,,,,,,,,
EnF125m2,11_13     ,m,VAChT^flox/flox,VAChT^En1-Cre-flox/flox,OK_En1CreVAChTfx_Extinction,Single-housed,Diurnal light cycle,Dr. Marco Prado - Robarts Research Institute - Ornela-Kljakic,Extinction_Probe,,,Extinction Touch - Helena - DP,EXTINCTION TEST - Helena,30,0,2015-09-03 3:18:13 PM,1.07,4.295,5.543,5.124,8.937,3.293,7.874,5.47,47.555,181.546,58.264,207.891,8.133,8.28,16,0,719.689,5,2,1,1,24.421,26,136,11,20.036,44.457,67.592,92.592,115.855,140.856,165.856,190.857,215.857,240.857,264.138,289.139,314.139,339.14,364.14,389.145,407.957,430.616,455.616,480.617,505.617,530.618,555.618,580.619,605.619,628.507,644.687,669.688,694.689,719.689,0,0,1,0,0,0,0,0,0,0,1,0,0,0,0,0,1,1,0,0,0,0,0,0,0,0,1,0,0,0,1,0,0,0,0,0,0,0,0,0,0,0,0,0,0,0,0,0,0,0,0,0,0,0,0,0,0,0,0,0,20.036,44.457,67.592,92.592,115.855,140.856,165.856,190.857,215.857,240.857,264.138,289.139,314.139,339.14,364.14,389.145,407.957,430.616,455.616,480.617,505.617,530.618,555.618,580.619,605.619,628.507,644.687,669.688,694.689,719.689,128.818,7.658,199.071,,,,,68.656,3.811,7.658,1.18,,,,,,,,,,,,,,,,,,,,,,,,,,3.448,,,,,,,,,,,,,,,,,,,,,,,,,,,,,,,,,,
EnF125m2,11_13     ,m,VAChT^flox/flox,VAChT^En1-Cre-flox/flox,OK_En1CreVAChTfx_Extinction,Single-housed,Diurnal light cycle,Dr. Marco Prado - Robarts Research Institute - Ornela-Kljakic,Extinction_Probe,,,Extinction Touch - Helena - DP,EXTINCTION TEST - Helena,30,0,2015-09-02 3:41:57 PM,,,,,,,,,55.213,26.974,36.874,2.73,5.21,1.973,0,0,649.626,12,0,1,2,22.312,21,117,11,30.034,55.036,75.247,100.249,109.954,125.897,134.044,154.474,174.95,199.952,224.953,249.954,274.956,299.957,324.958,349.959,365.808,390.809,415.81,440.811,465.813,490.814,515.815,531.755,548.309,566.598,583.691,608.692,624.624,649.625,0,0,1,0,1,1,1,1,1,0,0,0,0,0,0,0,1,0,0,0,0,0,0,1,1,1,1,0,1,0,1,0,0,0,0,0,0,0,0,0,0,0,0,0,0,0,0,0,0,0,0,0,0,0,0,0,0,0,0,0,30.034,55.036,75.247,100.249,109.954,125.897,134.044,154.474,174.95,199.952,224.953,249.954,274.956,299.957,324.958,349.959,365.808,390.809,415.81,440.811,465.813,490.814,515.815,531.755,548.309,566.598,583.691,608.692,624.624,649.625,0.942,1.189,5.427,5.475,179.38,150.945,1.552,1.955,0.942,1.189,5.427,5.475,4.372,0.938,1.552,6.475,11.287,22.44,,3.288,3.288,2.09,25.932,,,2.09,0.931,,,,,,,,,,,,,,,,,,,,,,,,,,,,,,,,,,,,,,,,,,,,
EnF125m2,11_13     ,m,VAChT^flox/flox,VAChT^En1-Cre-flox/flox,OK_En1CreVAChTfx_Extinction,Single-housed,Diurnal light cycle,Dr. Marco Prado - Robarts Research Institute - Ornela-Kljakic,Extinction_Probe,,,Extinction Touch - Helena - DP,EXTINCTION TEST - Helena,30,0,2015-09-01 2:52:46 PM,1.65,8.783,2.051,3.631,1.692,1.076,7.487,2.097,97.534,56.569,3.736,10.283,6.651,6.568,27,0,671.877,11,12,1,1,91.27,18,98,7,20.114,45.116,70.995,95.996,111.384,136.385,161.386,183.574,208.575,226.487,251.487,276.488,301.489,324.345,349.373,368.645,386.867,401.658,419.962,444.963,461.834,486.835,504.688,521.872,546.873,571.873,596.874,621.875,646.876,671.877,0,0,0,0,1,0,0,1,0,1,0,0,0,1,0,1,1,1,1,0,1,0,1,1,0,0,0,0,0,0,1,0,0,0,0,0,0,0,0,0,0,0,0,0,0,0,0,0,0,0,0,0,0,0,0,0,0,0,0,0,20.114,45.116,70.995,95.996,111.384,136.385,161.386,183.574,208.575,226.487,251.487,276.488,301.489,324.345,349.373,368.645,386.867,401.658,419.962,444.963,461.834,486.835,504.688,521.872,546.873,571.873,596.874,621.875,646.876,671.877,27.91,82.855,29.296,3.218,7.815,3.301,26.868,1.974,2.909,7.853,4.269,3.218,7.815,3.301,1.867,,,,,27.85,2.849,2.181,,,,2.181,,,,,,,,,,,5.762,,,,,,,,,,,,,,,,,,,,,,,,,,,,,,,,,,
EnF119m3,11_13     ,m, VAChT^En1-Cre-flox/flox,VAChT^En1-Cre-flox/flox,OK_En1CreVAChTfx_Extinction,Single-housed,Diurnal light cycle,Dr. Marco Prado - Robarts Research Institute - Ornela-Kljakic,Extinction_Probe,,,Extinction Touch - Helena - DP,EXTINCTION TEST - Helena,30,0,2015-09-16 2:44:11 PM,8.984,7.72,0.508,9.768,1.716,7.837,9.731,1.837,67.66,125.379,58.622,,2.658,1.757,19,0,708.095,6,1,1,4,21.314,20,147,4,30.145,45.145,70.146,87.806,112.807,136.427,161.428,186.428,211.429,228.187,245.183,270.184,295.184,320.185,339.081,364.082,389.084,414.085,439.086,464.087,489.088,513.469,538.47,563.471,588.472,608.09,633.091,658.092,683.094,708.095,0,0,0,1,0,0,0,0,0,1,1,0,0,0,1,0,0,0,0,0,0,1,0,0,0,1,0,0,0,0,1,0,0,0,0,0,0,0,0,0,0,0,0,0,0,0,0,0,0,0,0,0,0,0,0,0,0,0,0,0,30.145,45.145,70.146,87.806,112.807,136.427,161.428,186.428,211.429,228.187,245.183,270.184,295.184,320.185,339.081,364.082,389.084,414.085,439.086,464.087,489.088,513.469,538.47,563.471,588.472,608.09,633.091,658.092,683.094,708.095,1.995,78.897,159.386,79.62,,,,,1.995,3.895,9.378,4.617,,,,,,,,,,,,,,,,,,,,,,,,,9.784,9.696,6.406,8.641,,,,,,,,,,,,,,,,,,,,,,,,,,,,,,,
EnF119m3,11_13     ,m, VAChT^En1-Cre-flox/flox,VAChT^En1-Cre-flox/flox,OK_En1CreVAChTfx_Extinction,Single-housed,Diurnal light cycle,Dr. Marco Prado - Robarts Research Institute - Ornela-Kljakic,Extinction_Probe,,,Extinction Touch - Helena - DP,EXTINCTION TEST - Helena,30,0,2015-09-15 3:11:51 PM,0.972,4.776,8.356,,,,,,9.539,474.549,18.681,,9.539,9.51,8,1,744.212,2,5,0,0,,15,98,7,29.652,54.653,79.654,104.655,129.656,154.657,179.658,204.659,229.66,254.661,279.662,304.663,329.664,354.665,379.666,404.667,429.668,454.669,479.67,494.692,519.203,544.204,569.205,594.206,619.207,644.208,669.209,694.21,719.211,744.212,1,0,0,0,0,0,0,0,0,0,0,0,0,0,0,0,0,0,0,0,1,0,0,0,0,0,0,0,0,0,0,0,0,0,0,0,0,0,0,0,0,0,0,0,0,0,0,0,0,0,0,0,0,0,0,0,0,0,0,0,29.652,54.653,79.654,104.655,129.656,154.657,179.658,204.659,229.66,254.661,279.662,304.663,329.664,354.665,379.666,404.667,429.668,454.669,479.67,494.692,519.203,544.204,569.205,594.206,619.207,644.208,669.209,694.21,719.211,744.212,,,,,,,,,,,,,,,,,,,,,,,,,,,,,,,,,,,,,,,,,,,,,,,,,,,,,,,,,,,,,,,,,,,,,,,
EnF119m3,11_13     ,m, VAChT^En1-Cre-flox/flox,VAChT^En1-Cre-flox/flox,OK_En1CreVAChTfx_Extinction,Single-housed,Diurnal light cycle,Dr. Marco Prado - Robarts Research Institute - Ornela-Kljakic,Extinction_Probe,,,Extinction Touch - Helena - DP,EXTINCTION TEST - Helena,30,0,2015-09-14 2:14:06 PM,9.316,2.89,5.077,2.559,3.38,1.804,2.041,,114.927,5.952,106.988,,1.967,5.952,13,1,724.103,2,2,1,1,5.026,20,119,6,25.138,50.139,75.139,100.14,118.071,135.039,155.993,180.994,205.995,230.995,252.982,277.983,302.983,322.329,347.33,372.33,397.331,422.331,447.332,472.332,497.333,522.333,549.089,574.096,599.097,624.098,649.099,674.1,699.102,724.103,0,0,0,0,0,1,1,0,0,0,0,0,0,0,0,0,0,0,0,0,0,0,0,0,0,0,0,0,0,0,1,0,0,0,0,0,0,0,0,0,0,0,0,0,0,0,0,0,0,0,0,0,0,0,0,0,0,0,0,0,25.138,50.139,75.139,100.14,118.071,135.039,155.993,180.994,205.995,230.995,252.982,277.983,302.983,322.329,347.33,372.33,397.331,422.331,447.332,472.332,497.333,522.333,549.089,574.096,599.097,624.098,649.099,674.1,699.102,724.103,,,,,,,,,,,,,,,,,,,,,,,,,,,,,,,,,,,,,,,,,,,,,,,,,,,,,,,,,,,,,,,,,,,,,,,
EnF119m3,11_13     ,m, VAChT^En1-Cre-flox/flox,VAChT^En1-Cre-flox/flox,OK_En1CreVAChTfx_Extinction,Single-housed,Diurnal light cycle,Dr. Marco Prado - Robarts Research Institute - Ornela-Kljakic,Extinction_Probe,,,Extinction Touch - Helena - DP,EXTINCTION TEST - Helena,30,0,2015-09-11 3:07:27 PM,3.082,2.103,5.22,1.268,5.223,0.224,0.826,3.04,55.953,74.315,49.582,2.397,6.193,1.857,55,3,703.713,6,5,1,5,14.793,29,122,15,30.096,54.855,76.049,101.049,126.049,148.506,157.761,182.762,202.201,227.201,245.362,261.909,286.91,311.91,336.91,361.911,386.911,411.912,436.912,461.913,486.913,511.914,534.866,559.867,584.867,609.867,634.868,659.924,684.925,703.713,0,0,1,0,0,0,1,0,0,0,1,1,0,0,0,0,0,0,0,0,0,0,1,0,0,0,0,0,0,1,1,0,0,0,0,0,0,0,0,0,0,0,0,0,0,0,0,0,0,0,0,0,0,0,0,0,0,0,0,0,30.096,54.855,76.049,101.049,126.049,148.506,157.761,182.762,202.201,227.201,245.362,261.909,286.91,311.91,336.91,361.911,386.911,411.912,436.912,461.913,486.913,511.914,534.866,559.867,584.867,609.867,634.868,659.924,684.925,703.713,72.6,2.08,257.955,153.846,,,,9.466,3.16,2.08,7.95,3.787,,,,145.222,,,,,,,,,,,,,,,,,,,,,1.793,7.743,,,,,,,,,,,,,,,,,,,,,,,,,,,,,,,,,
EnF119m3,11_13     ,m, VAChT^En1-Cre-flox/flox,VAChT^En1-Cre-flox/flox,OK_En1CreVAChTfx_Extinction,Single-housed,Diurnal light cycle,Dr. Marco Prado - Robarts Research Institute - Ornela-Kljakic,Extinction_Probe,,,Extinction Touch - Helena - DP,EXTINCTION TEST - Helena,30,0,2015-09-10 3:44:43 PM,3.602,7.838,4.82,1.401,6.667,9.317,,,73.908,2.629,6.262,6.075,8.906,2.629,16,0,642.554,13,0,1,7,47.825,38,111,23,30.098,55.099,70.1,94.009,107.902,123.142,140.57,157.347,173.873,193.583,210.776,227.643,252.644,277.646,302.647,327.648,347.044,371.171,387.958,407.675,432.676,457.677,482.681,507.688,531.373,556.374,573.708,598.709,617.549,642.554,0,0,0,1,1,1,1,0,1,1,1,1,0,0,0,0,0,1,1,1,0,0,0,0,1,0,1,0,0,0,1,0,0,0,0,0,0,0,0,0,0,0,0,0,0,0,0,0,0,0,0,0,0,0,0,0,0,0,0,0,30.098,55.099,70.1,94.009,107.902,123.142,140.57,157.347,173.873,193.583,210.776,227.643,252.644,277.646,302.647,327.648,347.044,371.171,387.958,407.675,432.676,457.677,482.681,507.688,531.373,556.374,573.708,598.709,617.549,642.554,0.238,6.352,19.467,4.709,2.192,1.865,128.407,8.834,0.238,6.352,2.69,4.709,2.192,1.865,9.005,11.233,129.401,14.933,15.069,1.786,1.786,4.713,108.697,27.332,18.9,4.713,8.684,2.331,,,,,,,,,,,,,35.759,,,,,,,,,,,,,,,,,,,,,,,,,,,,,,
EnF125m2,11_13     ,m,VAChT^flox/flox,VAChT^En1-Cre-flox/flox,OK_En1CreVAChTfx_Extinction,Single-housed,Diurnal light cycle,Dr. Marco Prado - Robarts Research Institute - Ornela-Kljakic,Extinction_Probe,,,Extinction Touch - Helena - DP,EXTINCTION TEST - Helena,30,0,2015-09-09 2:44:50 PM,1.566,0.772,1.751,9.028,0.942,7.873,3.461,8.588,79.988,,47.785,,6.175,,23,0,750.938,1,6,1,0,33.81,17,168,5,30.034,53.844,78.845,100.022,125.023,150.023,175.024,200.024,225.025,250.026,275.027,300.028,325.029,350.03,375.031,400.032,425.033,450.034,475.035,500.036,525.038,550.039,575.04,600.04,625.931,650.932,675.933,700.934,725.937,750.938,0,0,0,1,0,0,0,0,0,0,0,0,0,0,0,0,0,0,0,0,0,0,0,0,0,0,0,0,0,0,1,0,0,0,0,0,0,0,0,0,0,0,0,0,0,0,0,0,0,0,0,0,0,0,0,0,0,0,0,0,30.034,53.844,78.845,100.022,125.023,150.023,175.024,200.024,225.025,250.026,275.027,300.028,325.029,350.03,375.031,400.032,425.033,450.034,475.035,500.036,525.038,550.039,575.04,600.04,625.931,650.932,675.933,700.934,725.937,750.938,,,,,,,,,,,,,,,,,,,,,,,,,,,,,,,,,,,,,5.269,4.108,,,,,,,,,,,,,,,,,,,,,,,,,,,,,,,,,
EnF122m4,11_13     ,m,VAChT^flox/flox,VAChT^En1-Cre-flox/flox,OK_En1CreVAChTfx_Extinction,Single-housed,Diurnal light cycle,Dr. Marco Prado - Robarts Research Institute - Ornela-Kljakic,Extinction_Probe,,,Extinction Touch - Helena - DP,EXTINCTION TEST - Helena,30,0,2015-07-13 6:00:28 PM,2.331,6.493,2.37,2.177,0.926,8.544,2.999,,711.793,,,,6.765,,12,0,731.833,1,4,1,2,51.696,61,0,9,30.039,55.041,71.736,91.586,116.587,141.588,166.59,191.591,216.592,241.594,266.595,291.605,310.044,335.045,360.046,385.048,410.049,435.05,460.052,485.053,510.055,535.056,560.057,585.058,610.06,635.061,660.062,685.064,710.065,731.832,0,0,0,0,0,0,0,0,0,0,0,0,0,0,0,0,0,0,0,0,0,0,0,0,0,0,0,0,0,1,1,0,0,0,0,0,0,0,0,0,0,0,0,0,0,0,0,0,0,0,0,0,0,0,0,0,0,0,0,0,30.039,55.041,71.736,91.586,116.587,141.588,166.59,191.591,216.592,241.594,266.595,291.605,310.044,335.045,360.046,385.048,410.049,435.05,460.052,485.053,510.055,535.056,560.057,585.058,610.06,635.061,660.062,685.064,710.065,731.832,,,,,,,,,,,,,,,,,,,,,,,,,,,,,,,,,,,,,,,,,,,,,,,,,,,,,,,,,,,,,,,,,,,,,,,
EnF118m7,11_13     ,m,VAChT^flox/flox,VAChT^En1-Cre-flox/flox,OK_En1CreVAChTfx_Extinction,Single-housed,Diurnal light cycle,Dr. Marco Prado - Robarts Research Institute - Ornela-Kljakic,Extinction_Probe,,,Extinction Touch - Helena - DP,EXTINCTION TEST - Helena,30,0,2015-07-13 5:40:49 PM,7.1,1.383,0.093,0.323,2.376,2.375,,,67.437,9.17,1.057,8.582,1.667,9.17,9,1,554.765,13,2,1,1,0.766,59,102,22,20.877,45.877,70.878,87.546,102.776,118.043,134.566,159.567,175.369,196.058,214.489,238.52,254.075,279.076,295.291,311.28,331.017,346.018,361.018,382.79,400.581,422.395,444.146,459.147,474.147,489.148,504.149,529.149,539.764,554.765,0,0,0,1,1,1,0,0,1,1,1,0,1,0,1,1,0,0,0,1,1,1,0,0,0,0,0,0,1,0,1,0,0,0,0,0,0,0,0,0,0,0,0,0,0,0,0,0,0,0,0,0,0,0,0,0,0,0,0,0,20.877,45.877,70.878,87.546,102.776,118.043,134.566,159.567,175.369,196.058,214.489,238.52,254.075,279.076,295.291,311.28,331.017,346.018,361.018,382.79,400.581,422.395,444.146,459.147,474.147,489.148,504.149,529.149,539.764,554.765,1.681,44.128,5.688,3.429,24.585,26.215,0.988,8.195,1.681,2.606,5.688,3.429,0.554,1.214,0.988,34.031,29.737,7.372,31.751,59.136,9.399,2.79,6.813,108.077,4.29,2.79,6.813,1.324,,,,,,,,,,,,,,,,,,,,,,,,,,,,,,,,,,,,,,,,,,,
EnF122m4,11_13     ,m,VAChT^flox/flox,VAChT^En1-Cre-flox/flox,OK_En1CreVAChTfx_Extinction,Single-housed,Diurnal light cycle,Dr. Marco Prado - Robarts Research Institute - Ornela-Kljakic,Extinction_Probe,,,Extinction Touch - Helena - DP,EXTINCTION TEST - Helena,30,0,2015-07-10 5:45:19 PM,0.378,1.483,3,6.198,,,,,45.896,40.34,27.722,3.813,5.836,7.619,4,0,678.516,4,0,1,3,2.356,53,0,41,22.464,45.167,66.006,83.726,98.727,115.16,130.432,155.433,176.384,193.366,218.367,241.884,266.885,291.886,314.397,339.398,364.398,389.399,414.4,439.4,464.401,489.413,514.413,539.414,561.908,586.909,611.909,628.515,653.516,678.516,0,0,1,0,0,1,1,0,0,0,0,1,0,0,0,0,0,0,0,0,0,0,0,0,0,0,0,0,0,0,1,0,0,0,0,0,0,0,0,0,0,0,0,0,0,0,0,0,0,0,0,0,0,0,0,0,0,0,0,0,22.464,45.167,66.006,83.726,98.727,115.16,130.432,155.433,176.384,193.366,218.367,241.884,266.885,291.886,314.397,339.398,364.398,389.399,414.4,439.4,464.401,489.413,514.413,539.414,561.908,586.909,611.909,628.515,653.516,678.516,0.614,96.451,,,,,,9.656,0.614,8.516,,,,,,11.409,,,,,,,,,,,,,,,,,,,,,,,,,,,,,,,,,,,,,,,,,,,,,,,,,,,,,,,
EnF122m4,11_13     ,m,VAChT^flox/flox,VAChT^En1-Cre-flox/flox,OK_En1CreVAChTfx_Extinction,Single-housed,Diurnal light cycle,Dr. Marco Prado - Robarts Research Institute - Ornela-Kljakic,Extinction_Probe,,,Extinction Touch - Helena - DP,EXTINCTION TEST - Helena,30,0,2015-07-09 5:46:56 PM,2.52,2.683,1.09,4.786,9.572,,,,21.216,1.174,8.63,39.26,3.955,1.174,9,2,688.691,4,0,1,2,2.258,61,0,13,22.327,39.915,56.091,81.093,106.094,130.934,147.003,172.004,188.218,213.22,228.222,243.852,268.854,293.855,318.857,343.858,363.67,388.672,413.673,438.675,463.676,488.678,513.679,538.681,563.683,588.684,613.686,638.688,663.689,688.691,0,1,1,0,0,0,0,0,1,0,0,0,0,0,0,0,1,0,0,0,0,0,0,0,0,0,0,0,0,0,1,0,0,0,0,0,0,0,0,0,0,0,0,0,0,0,0,0,0,0,0,0,0,0,0,0,0,0,0,0,22.327,39.915,56.091,81.093,106.094,130.934,147.003,172.004,188.218,213.22,228.222,243.852,268.854,293.855,318.857,343.858,363.67,388.672,413.673,438.675,463.676,488.678,513.679,538.681,563.683,588.684,613.686,638.688,663.689,688.691,117.125,160.449,,,,,,49.099,1.211,4.809,,,,,,,,,,,,,,,,,,,,,,,,,,,,,,,,,,,,,,,,,,,,,,,,,,,,,,,,,,,,,
EnF122m4,11_13     ,m,VAChT^flox/flox,VAChT^En1-Cre-flox/flox,OK_En1CreVAChTfx_Extinction,Single-housed,Diurnal light cycle,Dr. Marco Prado - Robarts Research Institute - Ornela-Kljakic,Extinction_Probe,,,Extinction Touch - Helena - DP,EXTINCTION TEST - Helena,30,0,2015-07-08 6:01:03 PM,0.092,3.392,7.562,4.275,0.305,,,,27.282,79.803,45.825,20.088,2.281,4.802,8,0,712.486,6,0,1,6,63.107,48,164,17,30.026,47.309,72.31,97.31,122.311,142.113,167.114,183.711,208.712,233.712,258.713,282.054,307.054,332.055,357.055,382.056,397.706,422.706,446.496,471.496,496.497,521.497,544.945,569.945,587.484,612.484,637.485,662.485,687.486,712.486,0,1,0,0,0,1,0,1,0,0,0,1,0,0,0,0,1,0,1,0,0,0,0,0,0,0,0,0,0,0,1,0,0,0,0,0,0,0,0,0,0,0,0,0,0,0,0,0,0,0,0,0,0,0,0,0,0,0,0,0,30.026,47.309,72.31,97.31,122.311,142.113,167.114,183.711,208.712,233.712,258.713,282.054,307.054,332.055,357.055,382.056,397.706,422.706,446.496,471.496,496.497,521.497,544.945,569.945,587.484,612.484,637.485,662.485,687.486,712.486,26.596,83.342,100.651,33.789,,,,73.182,1.596,8.34,0.649,8.789,,,,71.21,,,,,,,,,,,,,,,,,,,,,,,,,,,,,,,,,,,,,,,,,,,,,,,,,,,,,,,
EnF122m4,11_13     ,m,VAChT^flox/flox,VAChT^En1-Cre-flox/flox,OK_En1CreVAChTfx_Extinction,Single-housed,Diurnal light cycle,Dr. Marco Prado - Robarts Research Institute - Ornela-Kljakic,Extinction_Probe,,,Extinction Touch - Helena - DP,EXTINCTION TEST - Helena,30,0,2015-07-07 5:34:34 PM,1.647,3.606,6.605,0.332,1.407,6.92,9.902,6.373,2.262,102.138,63.013,12.151,2.262,2.448,11,2,668.543,12,11,0,0,,95,0,14,22.293,47.293,72.294,97.295,121.983,139.432,159.683,175.289,192.852,212.362,237.363,262.363,287.364,307.399,332.4,357.4,373.145,398.146,417.585,433.604,458.604,483.605,508.605,533.607,555.478,580.479,599.562,618.542,643.543,668.543,1,0,0,0,0,1,1,1,1,1,0,0,0,1,0,0,1,0,1,1,0,0,0,0,1,0,0,1,0,0,0,0,0,0,0,0,0,0,0,0,0,0,0,0,0,0,0,0,0,0,0,0,0,0,0,0,0,0,0,0,22.293,47.293,72.294,97.295,121.983,139.432,159.683,175.289,192.852,212.362,237.363,262.363,287.364,307.399,332.4,357.4,373.145,398.146,417.585,433.604,458.604,483.605,508.605,533.607,555.478,580.479,599.562,618.542,643.543,668.543,5.249,0.605,2.562,4.509,80.036,50.745,29.439,10.585,5.249,0.605,2.562,4.509,5.034,0.743,4.438,17.577,11.668,21.444,,1.018,1.018,106.873,48.063,,,6.87,3.979,,,,,,,,,,5.848,,,,,,,,,,,,,,,,,,,,,,,,,,,,,,,,,,
EnF118m7,11_13     ,m,VAChT^flox/flox,VAChT^En1-Cre-flox/flox,OK_En1CreVAChTfx_Extinction,Single-housed,Diurnal light cycle,Dr. Marco Prado - Robarts Research Institute - Ornela-Kljakic,Extinction_Probe,,,Extinction Touch - Helena - DP,EXTINCTION TEST - Helena,30,0,2015-07-18 4:58:00 PM,9.445,6.948,7.908,0.631,0.531,2.651,5.8,7.159,270.245,107.66,79.225,,9.518,7.659,42,1,700.236,2,2,1,10,32.58,60,211,14,20.029,45.03,70.03,95.03,120.031,145.031,170.031,195.032,215.754,240.755,265.755,290.275,315.275,340.275,365.276,390.276,412.937,437.937,462.937,482.161,507.161,532.162,557.162,582.162,605.234,620.234,635.235,650.235,675.235,700.236,0,0,0,0,0,0,0,0,0,0,0,1,0,0,0,0,1,0,0,0,0,0,0,0,0,0,0,0,0,0,1,0,0,0,0,0,0,0,0,0,0,0,0,0,0,0,0,0,0,0,0,0,0,0,0,0,0,0,0,0,20.029,45.03,70.03,95.03,120.031,145.031,170.031,195.032,215.754,240.755,265.755,290.275,315.275,340.275,365.276,390.276,412.937,437.937,462.937,482.161,507.161,532.162,557.162,582.162,605.234,620.234,635.235,650.235,675.235,700.236,,,,,,,,,,,,,,,,,,,,,,,,,,,,,,,,,,,,,7.699,0.774,1.215,4.037,,2.958,4.796,8.255,0.334,,,,,,,,,,,,,,,,,,,,,,,,,,
EnF118m7,11_13     ,m,VAChT^flox/flox,VAChT^En1-Cre-flox/flox,OK_En1CreVAChTfx_Extinction,Single-housed,Diurnal light cycle,Dr. Marco Prado - Robarts Research Institute - Ornela-Kljakic,Extinction_Probe,,,Extinction Touch - Helena - DP,EXTINCTION TEST - Helena,30,0,2015-07-17 5:00:17 PM,1.449,9.298,2.613,4.752,2.911,7.689,4.45,2.252,20.03,31.135,17.993,37.587,5.027,6.134,19,0,670.039,7,0,1,9,28.023,30,230,16,20.13,40.16,65.161,86.296,111.297,126.298,151.301,176.302,196.331,212.808,237.81,261.545,275.124,290.125,315.126,340.127,365.128,385.561,410.562,435.565,460.566,480.177,495.024,520.025,545.028,570.029,595.032,620.035,645.036,670.039,0,1,0,1,0,0,0,0,1,0,0,1,1,0,0,0,0,1,0,0,0,0,1,0,0,0,0,0,0,0,1,0,0,0,0,0,0,0,0,0,0,0,0,0,0,0,0,0,0,0,0,0,0,0,0,0,0,0,0,0,20.13,40.16,65.161,86.296,111.297,126.298,151.301,176.302,196.331,212.808,237.81,261.545,275.124,290.125,315.126,340.127,365.128,385.561,410.562,435.565,460.566,480.177,495.024,520.025,545.028,570.029,595.032,620.035,645.036,670.039,95.031,50.213,2.915,95.435,100.373,,,26.478,5.026,8.733,2.915,5.431,5.758,,,5.661,104.617,4.088,,,,,,,,,,,,,,,,,,,9.021,2.29,,,,,,,,,,,,,,,,,,,,,,,,,,,,,,,,,
EnF118m7,11_13     ,m,VAChT^flox/flox,VAChT^En1-Cre-flox/flox,OK_En1CreVAChTfx_Extinction,Single-housed,Diurnal light cycle,Dr. Marco Prado - Robarts Research Institute - Ornela-Kljakic,Extinction_Probe,,,Extinction Touch - Helena - DP,EXTINCTION TEST - Helena,30,0,2015-07-16 5:02:33 PM,9.968,2.797,6.872,1.194,2.313,1.575,3.991,,52.093,202.131,42.536,4.942,2.091,7.125,11,3,674.742,5,5,1,13,84.629,32,172,6,30.033,55.035,72.128,97.128,112.129,137.13,162.13,187.131,212.131,237.132,252.133,267.134,284.202,299.203,324.206,349.207,374.208,399.209,424.21,441.583,466.587,481.965,506.966,531.967,556.967,581.968,606.968,624.741,649.742,674.742,0,0,1,0,0,0,0,0,0,0,0,0,1,0,0,0,0,0,0,1,0,1,0,0,0,0,0,1,0,0,1,0,0,0,0,0,0,0,0,0,0,0,0,0,0,0,0,0,0,0,0,0,0,0,0,0,0,0,0,0,30.033,55.035,72.128,97.128,112.129,137.13,162.13,187.131,212.131,237.132,252.133,267.134,284.202,299.203,324.206,349.207,374.208,399.209,424.21,441.583,466.587,481.965,506.966,531.967,556.967,581.968,606.968,624.741,649.742,674.742,142.379,25.377,127.775,,,,,,2.372,0.375,2.772,,,,,,,,,,,,,,,,,,,,,,,,,,,,,,,,,,,,,,,,,,,,,,,,,,,,,,,,,,,,
EnF118m7,11_13     ,m,VAChT^flox/flox,VAChT^En1-Cre-flox/flox,OK_En1CreVAChTfx_Extinction,Single-housed,Diurnal light cycle,Dr. Marco Prado - Robarts Research Institute - Ornela-Kljakic,Extinction_Probe,,,Extinction Touch - Helena - DP,EXTINCTION TEST - Helena,30,0,2015-07-15 5:36:19 PM,8.556,8.624,5.597,6.453,3.895,3.665,1.837,,58.537,27.94,8.298,19.049,8.666,2.915,10,2,674.762,8,7,1,5,34.869,0,210,26,30.135,55.005,76.971,101.972,119.916,134.917,155.191,180.192,202.766,223.766,238.767,253.768,278.77,300.629,325.63,350.631,374.029,399.03,424.031,439.163,464.164,489.166,514.167,528.346,553.347,578.348,599.758,624.76,649.761,674.762,0,0,1,0,1,0,1,0,0,1,0,0,0,1,0,0,0,0,0,1,0,0,0,1,0,0,1,0,0,0,1,0,0,0,0,0,0,0,0,0,0,0,0,0,0,0,0,0,0,0,0,0,0,0,0,0,0,0,0,0,30.135,55.005,76.971,101.972,119.916,134.917,155.191,180.192,202.766,223.766,238.767,253.768,278.77,300.629,325.63,350.631,374.029,399.03,424.031,439.163,464.164,489.166,514.167,528.346,553.347,578.348,599.758,624.76,649.761,674.762,20.273,56.046,61.86,123.532,76.837,58.095,,57.576,5.272,8.471,6.855,0.13,1.833,8.092,,7.527,41.523,48.527,7.344,,,,,,8.316,,,,,,,,,,,,,,,,,,,,,,,,,,,,,,,,,,,,,,,,,,,,,,
EnF122m4,11_13     ,m,VAChT^flox/flox,VAChT^En1-Cre-flox/flox,OK_En1CreVAChTfx_Extinction,Single-housed,Diurnal light cycle,Dr. Marco Prado - Robarts Research Institute - Ornela-Kljakic,Extinction_Probe,,,Extinction Touch - Helena - DP,EXTINCTION TEST - Helena,30,0,2015-07-14 5:42:10 PM,1.96,7.031,5.223,8.158,7.158,7.303,7.735,9.084,489.986,,129.777,,8.498,,14,0,725.813,1,7,1,0,0.382,56,261,12,20.419,45.42,70.421,95.421,120.422,145.423,170.423,191.869,216.869,241.87,266.871,291.871,316.872,341.873,366.873,391.874,411.521,436.522,461.524,486.524,510.023,535.024,560.024,585.025,610.026,629.8,654.801,675.812,700.813,725.813,0,0,0,0,0,0,0,0,0,0,0,0,0,0,0,0,0,0,0,0,1,0,0,0,0,0,0,0,0,0,1,0,0,0,0,0,0,0,0,0,0,0,0,0,0,0,0,0,0,0,0,0,0,0,0,0,0,0,0,0,20.419,45.42,70.421,95.421,120.422,145.423,170.423,191.869,216.869,241.87,266.871,291.871,316.872,341.873,366.873,391.874,411.521,436.522,461.524,486.524,510.023,535.024,560.024,585.025,610.026,629.8,654.801,675.812,700.813,725.813,,,,,,,,,,,,,,,,,,,,,,,,,,,,,,,,,,,,,,,,,,,,,,,,,,,,,,,,,,,,,,,,,,,,,,,
EnF118m7,11_13     ,m,VAChT^flox/flox,VAChT^En1-Cre-flox/flox,OK_En1CreVAChTfx_Extinction,Single-housed,Diurnal light cycle,Dr. Marco Prado - Robarts Research Institute - Ornela-Kljakic,Extinction_Probe,,,Extinction Touch - Helena - DP,EXTINCTION TEST - Helena,30,0,2015-07-14 5:28:19 PM,5.638,0.793,6.996,1.46,0.555,4.615,0.363,3.495,172.232,46.561,27.733,53.515,2.315,3.872,16,1,612.778,11,6,1,2,26.476,43,181,33,30.039,46.516,61.518,86.519,109.115,134.116,159.117,174.954,192.271,210.006,234.96,253.833,274.542,299.057,324.058,345.957,370.957,389.475,407.389,422.392,437.394,452.396,467.987,491.777,516.778,537.363,557.375,579.254,595.768,612.778,0,0,0,0,0,0,0,0,1,0,0,1,1,1,0,1,0,0,1,0,0,0,0,0,0,1,1,1,1,1,1,0,0,0,0,0,0,0,0,0,0,0,0,0,0,0,0,0,0,0,0,0,0,0,0,0,0,0,0,0,30.039,46.516,61.518,86.519,109.115,134.116,159.117,174.954,192.271,210.006,234.96,253.833,274.542,299.057,324.058,345.957,370.957,389.475,407.389,422.392,437.394,452.396,467.987,491.777,516.778,537.363,557.375,579.254,595.768,612.778,5.709,9.513,31.899,46.429,114.97,5.01,6.877,10.596,5.709,9.513,6.898,2.911,5.582,5.01,6.877,5.299,,,,1.512,1.512,6.708,,,,6.708,,,,,,,,,,,1.653,,,,,,,,,,,,,,,,,,,,,,,,,,,,,,,,,,
EnF118m8,11_13     ,m, VAChT^En1-Cre-flox/flox,VAChT^En1-Cre-flox/flox,OK_En1CreVAChTfx_Extinction,Single-housed,Diurnal light cycle,Dr. Marco Prado - Robarts Research Institute - Ornela-Kljakic,Extinction_Probe,,,Extinction Touch - Helena - DP,EXTINCTION TEST - Helena,30,,2015-08-11 3:42:13 PM,9.027,7.545,3.99,2.972,6.851,2.409,,,58.44,47.018,2.616,8.556,8.437,7.016,7,0,643.385,10,2,1,1,36.881,73,0,52,30.119,55.12,71.176,96.177,111.178,131.752,141.95,164.047,179.611,189.628,214.793,223.222,245.691,264.289,282.043,307.043,326.85,351.85,376.867,401.867,423.111,443.306,468.306,493.307,518.382,543.382,568.384,593.384,618.384,643.385,0,0,1,0,0,1,1,0,1,1,0,1,1,1,1,0,0,0,0,0,1,0,0,0,0,0,0,0,0,0,1,0,0,0,0,0,0,0,0,0,0,0,0,0,0,0,0,0,0,0,0,0,0,0,0,0,0,0,0,0,30.119,55.12,71.176,96.177,111.178,131.752,141.95,164.047,179.611,189.628,214.793,223.222,245.691,264.289,282.043,307.043,326.85,351.85,376.867,401.867,423.111,443.306,468.306,493.307,518.382,543.382,568.384,593.384,618.384,643.385,1.877,25.441,1.017,25.892,7.467,6.629,2.752,3.019,1.877,3.65,1.017,0.891,7.467,6.629,2.752,6.911,3.477,2.537,13.526,126.066,6.242,,,,6.967,,,,,,,,,,,,,,,,54.807,,,,,30.192,,,,,,,,,,,,,,,,,,,,,,,,,
EnF116m6,11_13     ,m, VAChT^En1-Cre-flox/flox,VAChT^En1-Cre-flox/flox,OK_En1CreVAChTfx_Extinction,Single-housed,Diurnal light cycle,Dr. Marco Prado - Robarts Research Institute - Ornela-Kljakic,Extinction_Probe,,,Extinction Touch - Helena - DP,EXTINCTION TEST - Helena,30,,2015-08-11 3:11:28 PM,5.063,5.085,,,,,,,104.409,126.047,80.077,,4.402,0.874,3,0,681.126,8,2,1,1,71.115,89,0,8,30.117,55.119,80.121,105.123,124.526,149.528,174.529,194.604,209.698,224.699,249.7,265.575,286.729,307.703,332.705,357.706,382.707,407.708,432.709,457.71,477.666,493.602,518.604,543.605,559.953,584.954,609.956,634.957,659.958,681.126,0,0,0,0,1,0,0,0,0,0,0,1,1,1,0,0,0,0,0,0,1,1,0,0,1,0,0,0,0,1,1,0,0,0,0,0,0,0,0,0,0,0,0,0,0,0,0,0,0,0,0,0,0,0,0,0,0,0,0,0,30.117,55.119,80.121,105.123,124.526,149.528,174.529,194.604,209.698,224.699,249.7,265.575,286.729,307.703,332.705,357.706,382.707,407.708,432.709,457.71,477.666,493.602,518.604,543.605,559.953,584.954,609.956,634.957,659.958,681.126,6.151,5.973,154.96,0.934,51.349,106.169,,,6.151,5.973,4.953,0.934,1.347,6.165,,,,,,,,,,,,,,,,,,,,,,,,,,,,,,,,,,,,,,,,,,,,,,,,,,,,,,,,,
EnF118m8,11_13     ,m, VAChT^En1-Cre-flox/flox,VAChT^En1-Cre-flox/flox,OK_En1CreVAChTfx_Extinction,Single-housed,Diurnal light cycle,Dr. Marco Prado - Robarts Research Institute - Ornela-Kljakic,Extinction_Probe,,,Extinction Touch - Helena - DP,EXTINCTION TEST - Helena,30,,2015-08-10 3:08:13 PM,7.88,0.755,1.978,4.459,,,,,55.292,1.757,5.688,5.791,5.291,1.757,6,2,598.476,21,5,1,0,15.608,66,0,28,30.108,55.109,75.401,92.16,117.161,132.061,143.484,168.485,189.971,214.972,233.352,246.627,258.933,278.318,295.753,311.228,327.362,340.008,367.03,383.144,408.144,429.808,454.809,478.309,494.159,510.776,527.452,548.627,573.474,598.475,0,0,1,1,0,1,1,0,1,0,1,1,1,1,1,1,1,1,0,1,0,1,0,1,1,1,1,1,1,0,1,0,0,0,0,0,0,0,0,0,0,0,0,0,0,0,0,0,0,0,0,0,0,0,0,0,0,0,0,0,30.108,55.109,75.401,92.16,117.161,132.061,143.484,168.485,189.971,214.972,233.352,246.627,258.933,278.318,295.753,311.228,327.362,340.008,367.03,383.144,408.144,429.808,454.809,478.309,494.159,510.776,527.452,548.627,573.474,598.475,29.211,0.631,31.193,30.147,1.414,3.349,4.383,18.365,4.21,0.631,6.192,5.146,1.414,3.349,4.383,8.232,6.859,3.956,14.26,2.433,2.433,0.473,1.133,4.993,12.564,0.473,1.133,4.993,35.426,31.662,34.148,1.77,8.404,6.661,9.147,1.77,,,,,10.36,,,,,2.65,1.616,1.673,6.172,9.84,2.709,36.822,9.352,9.078,14.827,1.616,1.673,6.172,9.84,,,,,,,,,,,,
EnF116m6,11_13     ,m, VAChT^En1-Cre-flox/flox,VAChT^En1-Cre-flox/flox,OK_En1CreVAChTfx_Extinction,Single-housed,Diurnal light cycle,Dr. Marco Prado - Robarts Research Institute - Ornela-Kljakic,Extinction_Probe,,,Extinction Touch - Helena - DP,EXTINCTION TEST - Helena,30,,2015-08-10 2:49:29 PM,4.722,7.028,0.16,9.384,6.27,6.118,1.836,3.303,198.145,19.352,26.519,9.011,8.132,2.834,20,0,703.412,6,9,1,3,36.431,47,0,12,30.117,55.118,70.121,95.122,120.123,145.127,170.128,195.129,218.263,234.782,252.617,277.618,301.451,326.452,351.454,376.456,401.457,426.459,451.224,476.225,501.226,526.227,551.23,576.231,601.235,626.236,644.94,653.41,678.411,703.412,0,0,0,0,0,0,0,0,1,0,1,0,1,0,0,0,0,0,1,0,0,0,0,0,0,0,1,1,0,0,1,0,0,0,0,0,0,0,0,0,0,0,0,0,0,0,0,0,0,0,0,0,0,0,0,0,0,0,0,0,30.117,55.118,70.121,95.122,120.123,145.127,170.128,195.129,218.263,234.782,252.617,277.618,301.451,326.452,351.454,376.456,401.457,426.459,451.224,476.225,501.226,526.227,551.23,576.231,601.235,626.236,644.94,653.41,678.411,703.412,33.833,134.77,179.702,1.434,,,,2.034,8.832,9.762,4.689,1.434,,,,,,,,,,,,,,,,,,,,,,,,,0.018,5.187,5.186,0.784,,,,,,,,,,,,,,,,,,,,,,,,,,,,,,,
EnF118m8,11_13     ,m, VAChT^En1-Cre-flox/flox,VAChT^En1-Cre-flox/flox,OK_En1CreVAChTfx_Extinction,Single-housed,Diurnal light cycle,Dr. Marco Prado - Robarts Research Institute - Ornela-Kljakic,Extinction_Probe,,,Extinction Touch - Helena - DP,EXTINCTION TEST - Helena,30,0,2015-08-09 4:13:30 PM,,,,,,,,,26.115,2.113,7.934,12.872,1.113,2.113,0,0,622.356,11,2,1,11,24.049,118,284,49,30.031,44.08,61.196,77.643,86.043,110.137,126.299,146.632,171.632,196.633,221.633,246.633,264.447,281.195,306.195,322.089,347.089,372.089,392.224,417.224,427.891,452.891,477.892,489.347,503.876,528.878,553.878,578.704,597.355,622.356,0,1,1,1,1,1,0,1,0,0,0,0,1,0,0,0,0,0,1,0,1,0,0,1,1,0,0,0,0,0,1,0,0,0,0,0,0,0,0,0,0,0,0,0,0,0,0,0,0,0,0,0,0,0,0,0,0,0,0,0,30.031,44.08,61.196,77.643,86.043,110.137,126.299,146.632,171.632,196.633,221.633,246.633,264.447,281.195,306.195,322.089,347.089,372.089,392.224,417.224,427.891,452.891,477.892,489.347,503.876,528.878,553.878,578.704,597.355,622.356,1.444,2.15,9.093,21.493,102.815,112.775,29.612,1.247,1.444,2.15,9.093,5.331,2.814,5.132,4.612,26.161,20.16,26.747,1.054,55.547,5.546,2.293,,,0.908,2.293,,,,,,,,,,,,,,,7.235,,,,,,,,,,,,,,,,,,,,,,,,,,,,,,
EnF116m6,11_13     ,m, VAChT^En1-Cre-flox/flox,VAChT^En1-Cre-flox/flox,OK_En1CreVAChTfx_Extinction,Single-housed,Diurnal light cycle,Dr. Marco Prado - Robarts Research Institute - Ornela-Kljakic,Extinction_Probe,,,Extinction Touch - Helena - DP,EXTINCTION TEST - Helena,30,0,2015-08-09 4:12:48 PM,0.296,6.134,2.514,4.574,1.075,3.994,,,1.68,0.792,37.219,1.692,1.68,0.792,14,1,612.262,21,7,0,3,,22,123,17,21.739,37.535,62.536,84.131,109.132,125.017,150.018,166.534,190.464,211.135,231.34,242.25,257.252,272.254,291.167,309.864,332.158,351.971,376.972,395.467,414.73,433.638,452.812,471.881,495.164,514.578,539.58,562.259,587.26,612.262,1,1,0,1,0,1,0,1,1,1,1,1,0,0,1,1,1,1,0,1,1,1,1,1,1,1,0,1,0,0,0,0,0,0,0,0,0,0,0,0,0,0,0,0,0,0,0,0,0,0,0,0,0,0,0,0,0,0,0,0,21.739,37.535,62.536,84.131,109.132,125.017,150.018,166.534,190.464,211.135,231.34,242.25,257.252,272.254,291.167,309.864,332.158,351.971,376.972,395.467,414.73,433.638,452.812,471.881,495.164,514.578,539.58,562.259,587.26,612.262,31.594,25.881,26.515,8.928,5.669,5.203,4.217,12.723,6.593,0.879,1.514,8.928,5.669,5.203,4.217,16.779,12.123,15.186,10.255,33.914,3.91,3.694,7.291,4.811,13.394,3.694,7.291,4.811,28.493,4.256,3.902,4.172,3.492,4.256,3.902,4.172,,,,,10.782,,,,,,4.066,8.281,4.413,32.678,,,,,,4.066,8.281,4.413,7.677,,,,,,,,,,,,
EnF116m6,11_13     ,m, VAChT^En1-Cre-flox/flox,VAChT^En1-Cre-flox/flox,OK_En1CreVAChTfx_Extinction,Single-housed,Diurnal light cycle,Dr. Marco Prado - Robarts Research Institute - Ornela-Kljakic,Extinction_Probe,,,Extinction Touch - Helena - DP,EXTINCTION TEST - Helena,30,,2015-08-14 2:07:23 PM,7.051,7.921,0.859,2.074,0.266,2.547,,,173.514,418.111,238.452,79.281,8.501,3.03,12,0,718.646,2,4,1,2,22.105,32,0,8,30.041,45.042,70.043,95.044,120.044,145.045,170.046,193.548,218.549,243.55,268.55,293.551,318.552,343.552,368.553,393.553,418.554,443.555,468.555,493.556,518.556,543.557,568.558,593.559,608.63,626.661,651.662,676.663,695.941,718.646,0,0,0,0,0,0,0,1,0,0,0,0,0,0,0,0,0,0,0,0,0,0,0,0,0,1,0,0,0,0,1,0,0,0,0,0,0,0,0,0,0,0,0,0,0,0,0,0,0,0,0,0,0,0,0,0,0,0,0,0,30.041,45.042,70.043,95.044,120.044,145.045,170.046,193.548,218.549,243.55,268.55,293.551,318.552,343.552,368.553,393.553,418.554,443.555,468.555,493.556,518.556,543.557,568.558,593.559,608.63,626.661,651.662,676.663,695.941,718.646,,,,,,,,,,,,,,,,,,,,,,,,,,,,,,,,,,,,,,,,,,,,,,,,,,,,,,,,,,,,,,,,,,,,,,,
EnF118m8,11_13     ,m, VAChT^En1-Cre-flox/flox,VAChT^En1-Cre-flox/flox,OK_En1CreVAChTfx_Extinction,Single-housed,Diurnal light cycle,Dr. Marco Prado - Robarts Research Institute - Ornela-Kljakic,Extinction_Probe,,,Extinction Touch - Helena - DP,EXTINCTION TEST - Helena,30,0,2015-08-14 2:06:44 PM,7.638,0.068,,,,,,,,,,,,,3,0,619.194,0,0,1,1,7.593,44,86,91,27.635,42.637,67.639,92.64,107.643,122.989,137.991,153.075,168.077,183.08,205.513,220.515,235.878,260.879,285.881,310.882,325.885,340.887,365.889,386.892,405.737,430.739,455.74,480.742,505.743,530.745,553.258,569.191,594.192,619.194,0,0,0,0,0,0,0,0,0,0,0,0,0,0,0,0,0,0,0,0,0,0,0,0,0,0,0,0,0,0,1,0,0,0,0,0,0,0,0,0,0,0,0,0,0,0,0,0,0,0,0,0,0,0,0,0,0,0,0,0,27.635,42.637,67.639,92.64,107.643,122.989,137.991,153.075,168.077,183.08,205.513,220.515,235.878,260.879,285.881,310.882,325.885,340.887,365.889,386.892,405.737,430.739,455.74,480.742,505.743,530.745,553.258,569.191,594.192,619.194,,,,,,,,,,,,,,,,,,,,,,,,,,,,,,,,,,,,,,,,,,,,,,,,,,,,,,,,,,,,,,,,,,,,,,,
EnF118m8,11_13     ,m, VAChT^En1-Cre-flox/flox,VAChT^En1-Cre-flox/flox,OK_En1CreVAChTfx_Extinction,Single-housed,Diurnal light cycle,Dr. Marco Prado - Robarts Research Institute - Ornela-Kljakic,Extinction_Probe,,,Extinction Touch - Helena - DP,EXTINCTION TEST - Helena,30,,2015-08-13 2:47:25 PM,3.145,8.117,,,,,,,61.924,0.932,10.345,9.81,3.139,0.932,3,0,687.231,4,1,1,0,0.146,100,0,36,20.274,45.275,63.909,82.05,97.987,123.265,148.266,173.266,198.267,216.851,232.585,249.981,274.981,299.982,324.982,340.239,365.24,390.24,415.241,440.241,465.242,490.242,515.243,540.243,565.244,588.771,613.771,638.772,662.231,687.231,0,0,0,1,1,0,0,0,0,1,0,0,0,0,0,0,0,0,0,0,0,0,0,0,0,1,0,0,0,0,1,0,0,0,0,0,0,0,0,0,0,0,0,0,0,0,0,0,0,0,0,0,0,0,0,0,0,0,0,0,20.274,45.275,63.909,82.05,97.987,123.265,148.266,173.266,198.267,216.851,232.585,249.981,274.981,299.982,324.982,340.239,365.24,390.24,415.241,440.241,465.242,490.242,515.243,540.243,565.244,588.771,613.771,638.772,662.231,687.231,104.053,356.919,,,,,,39.256,3.773,8.526,,,,,,,,,,,,,,,,,,,,,,,,,,,,,,,,,,,,,,,,,,,,,,,,,,,,,,,,,,,,,
EnF116m6,11_13     ,m, VAChT^En1-Cre-flox/flox,VAChT^En1-Cre-flox/flox,OK_En1CreVAChTfx_Extinction,Single-housed,Diurnal light cycle,Dr. Marco Prado - Robarts Research Institute - Ornela-Kljakic,Extinction_Probe,,,Extinction Touch - Helena - DP,EXTINCTION TEST - Helena,30,,2015-08-13 2:31:35 PM,2.594,2.818,1.722,7.098,,,,,358.247,,91.006,,8.238,,5,0,753.55,1,7,1,4,18.686,23,0,3,30.128,55.128,80.129,105.129,130.13,155.13,180.131,205.132,230.133,255.133,280.134,305.135,330.135,355.136,378.375,403.375,428.376,453.377,478.377,503.378,528.378,553.379,578.38,603.381,628.54,653.541,678.542,703.549,728.549,753.55,0,0,0,0,0,0,0,0,0,0,0,0,0,0,1,0,0,0,0,0,0,0,0,0,0,0,0,0,0,0,1,0,0,0,0,0,0,0,0,0,0,0,0,0,0,0,0,0,0,0,0,0,0,0,0,0,0,0,0,0,30.128,55.128,80.129,105.129,130.13,155.13,180.131,205.132,230.133,255.133,280.134,305.135,330.135,355.136,378.375,403.375,428.376,453.377,478.377,503.378,528.378,553.379,578.38,603.381,628.54,653.541,678.542,703.549,728.549,753.55,,,,,,,,,,,,,,,,,,,,,,,,,,,,,,,,,,,,,,,,,,,,,,,,,,,,,,,,,,,,,,,,,,,,,,,
EnF116m6,11_13     ,m, VAChT^En1-Cre-flox/flox,VAChT^En1-Cre-flox/flox,OK_En1CreVAChTfx_Extinction,Single-housed,Diurnal light cycle,Dr. Marco Prado - Robarts Research Institute - Ornela-Kljakic,Extinction_Probe,,,Extinction Touch - Helena - DP,EXTINCTION TEST - Helena,30,,2015-08-12 2:53:00 PM,8.532,4.82,1.672,0.043,3.91,7.862,0.174,0.544,27.416,125.62,58.236,434.636,2.414,0.613,12,0,712.323,5,7,1,2,216.275,48,0,3,30.079,47.496,72.497,97.499,122.5,147.502,172.503,188.119,213.12,236.354,254.304,270.465,295.466,320.466,345.467,370.468,395.47,420.471,445.472,470.474,495.475,520.477,545.478,570.48,595.482,620.483,645.485,670.487,695.104,712.323,0,1,0,0,0,0,0,1,0,0,1,1,0,0,0,0,0,0,0,0,0,0,0,0,0,0,0,0,0,1,1,0,0,0,0,0,0,0,0,0,0,0,0,0,0,0,0,0,0,0,0,0,0,0,0,0,0,0,0,0,30.079,47.496,72.497,97.499,122.5,147.502,172.503,188.119,213.12,236.354,254.304,270.465,295.466,320.466,345.467,370.468,395.47,420.471,445.472,470.474,495.475,520.477,545.478,570.48,595.482,620.483,645.485,670.487,695.104,712.323,51.184,1.16,426.855,,,,,,2.949,1.16,2.217,,,,,,,,,,,,,,,,,,,,,,,,,,,,,,,,,,,,,,,,,,,,,,,,,,,,,,,,,,,,
EnF118m8,11_13     ,m, VAChT^En1-Cre-flox/flox,VAChT^En1-Cre-flox/flox,OK_En1CreVAChTfx_Extinction,Single-housed,Diurnal light cycle,Dr. Marco Prado - Robarts Research Institute - Ornela-Kljakic,Extinction_Probe,,,Extinction Touch - Helena - DP,EXTINCTION TEST - Helena,30,,2015-08-12 2:52:21 PM,7.173,3.336,2.76,,,,,,166.345,2.493,2.664,,1.34,2.493,3,1,701.556,2,2,1,2,11.956,111,181,33,30.028,45.029,70.03,95.03,120.031,145.032,170.032,186.375,196.535,221.536,246.536,271.537,296.538,321.538,346.539,371.54,396.541,421.542,446.543,471.544,496.545,521.546,536.547,561.548,586.55,611.551,636.552,651.553,676.555,701.556,0,0,0,0,0,0,0,1,1,0,0,0,0,0,0,0,0,0,0,0,0,0,0,0,0,0,0,0,0,0,1,0,0,0,0,0,0,0,0,0,0,0,0,0,0,0,0,0,0,0,0,0,0,0,0,0,0,0,0,0,30.028,45.029,70.03,95.03,120.031,145.032,170.032,186.375,196.535,221.536,246.536,271.537,296.538,321.538,346.539,371.54,396.541,421.542,446.543,471.544,496.545,521.546,536.547,561.548,586.55,611.551,636.552,651.553,676.555,701.556,,,,,,,,,,,,,,,,,,,,,,,,,,,,,,,,,,,,,,,,,,,,,,,,,,,,,,,,,,,,,,,,,,,,,,,
EnF119m5,11_13     ,m,VAChT^flox/flox,VAChT^En1-Cre-flox/flox,OK_En1CreVAChTfx_Extinction,Single-housed,Diurnal light cycle,Dr. Marco Prado - Robarts Research Institute - Ornela-Kljakic,Extinction_Probe,,,Extinction Touch - Helena - DP,EXTINCTION TEST - Helena,30,,2015-08-20 3:14:43 PM,7.791,7.747,9.612,3.502,,,,,96.433,287.632,38.822,4.004,1.287,3.715,6,0,713.224,2,5,1,1,55.14,56,0,27,30.127,55.129,75.269,100.271,116.562,141.563,165.872,185.407,210.409,235.411,260.413,285.415,310.42,335.472,360.474,385.475,400.478,413.2,438.202,463.203,488.204,513.205,538.208,563.209,588.212,613.214,638.218,663.219,688.22,713.223,0,0,0,0,1,0,0,0,0,0,0,0,0,0,0,0,0,1,0,0,0,0,0,0,0,0,0,0,0,0,1,0,0,0,0,0,0,0,0,0,0,0,0,0,0,0,0,0,0,0,0,0,0,0,0,0,0,0,0,0,30.127,55.129,75.269,100.271,116.562,141.563,165.872,185.407,210.409,235.411,260.413,285.415,310.42,335.472,360.474,385.475,400.478,413.2,438.202,463.203,488.204,513.205,538.208,563.209,588.212,613.214,638.218,663.219,688.22,713.223,,,,,,,,,,,,,,,,,,,,,,,,,,,,,,,,,,,,,,,,,,,,,,,,,,,,,,,,,,,,,,,,,,,,,,,
EnF119m5,11_13     ,m,VAChT^flox/flox,VAChT^En1-Cre-flox/flox,OK_En1CreVAChTfx_Extinction,Single-housed,Diurnal light cycle,Dr. Marco Prado - Robarts Research Institute - Ornela-Kljakic,Extinction_Probe,,,Extinction Touch - Helena - DP,EXTINCTION TEST - Helena,30,,2015-08-19 2:38:00 PM,3.92,2.526,9.662,1.296,1.088,4.739,,,32.839,123.513,6.051,114.897,7.838,3.892,6,1,643.656,7,4,1,4,28.89,83,0,49,30.121,49.012,74.013,93.631,118.631,143.632,168.633,187.526,212.527,237.527,262.528,287.528,302.529,317.53,332.777,355.113,378.024,400.266,425.267,450.267,467.953,475.899,485.04,493.653,518.653,543.654,568.654,593.655,618.655,643.656,0,1,0,0,0,0,0,1,0,0,0,0,0,0,0,0,0,1,0,0,1,1,1,1,0,0,0,0,0,0,1,0,0,0,0,0,0,0,0,0,0,0,0,0,0,0,0,0,0,0,0,0,0,0,0,0,0,0,0,0,30.121,49.012,74.013,93.631,118.631,143.632,168.633,187.526,212.527,237.527,262.528,287.528,302.529,317.53,332.777,355.113,378.024,400.266,425.267,450.267,467.953,475.899,485.04,493.653,518.653,543.654,568.654,593.655,618.655,643.656,197.739,52.571,0.661,2.79,1.264,,,45.306,7.241,2.57,0.661,2.79,1.264,,,11.862,2.283,1.35,2.347,,,,,,,,,,,,,,,,,,,,,,,,,,,,,,,,,,,,,,,,,,,,,,,,,,,,
EnF119m5,11_13     ,m,VAChT^flox/flox,VAChT^En1-Cre-flox/flox,OK_En1CreVAChTfx_Extinction,Single-housed,Diurnal light cycle,Dr. Marco Prado - Robarts Research Institute - Ornela-Kljakic,Extinction_Probe,,,Extinction Touch - Helena - DP,EXTINCTION TEST - Helena,30,,2015-08-18 2:58:56 PM,0.384,,,,,,,,1.831,140.24,19.981,14.961,1.831,0.237,1,0,697.207,4,3,0,8,,106,0,43,21.861,36.862,61.863,86.863,111.864,136.865,161.865,177.103,202.103,227.104,252.105,274.729,299.729,324.73,349.73,374.731,399.732,424.733,449.733,474.734,499.734,519.769,544.645,563.805,588.806,613.806,629.375,654.376,679.376,697.207,1,0,0,0,0,0,0,1,0,0,0,1,0,0,0,0,0,0,0,0,0,1,0,0,0,0,0,0,0,0,0,0,0,0,0,0,0,0,0,0,0,0,0,0,0,0,0,0,0,0,0,0,0,0,0,0,0,0,0,0,21.861,36.862,61.863,86.863,111.864,136.865,161.865,177.103,202.103,227.104,252.105,274.729,299.729,324.73,349.73,374.731,399.732,424.733,449.733,474.734,499.734,519.769,544.645,563.805,588.806,613.806,629.375,654.376,679.376,697.207,82.624,234.898,,,,,,10.893,7.622,9.893,,,,,,5.141,,,,,,,,,,,,,,,,,,,,,,,,,,,,,,,,,,,,,,,,,,,,,,,,,,,,,,,
EnF119m5,11_13     ,m,VAChT^flox/flox,VAChT^En1-Cre-flox/flox,OK_En1CreVAChTfx_Extinction,Single-housed,Diurnal light cycle,Dr. Marco Prado - Robarts Research Institute - Ornela-Kljakic,Extinction_Probe,,,Extinction Touch - Helena - DP,EXTINCTION TEST - Helena,30,,2015-08-17 1:57:35 PM,5.942,3.872,6.387,1.072,9.395,4.466,5.906,5.291,75.875,21.809,1.176,2.653,0.872,2.167,10,0,634.951,6,4,1,3,14.107,93,0,33,30.029,55.03,80.031,87.081,106.723,116.545,141.545,159.374,170.425,194.872,211.957,236.958,261.958,286.959,311.96,336.96,361.972,386.972,411.973,420.984,445.985,470.986,495.986,520.987,533.734,558.735,576.024,593.506,610.227,634.951,0,0,0,1,0,1,0,0,1,0,0,0,0,0,0,0,0,0,0,1,0,0,0,0,1,0,0,0,1,0,1,0,0,0,0,0,0,0,0,0,0,0,0,0,0,0,0,0,0,0,0,0,0,0,0,0,0,0,0,0,30.029,55.03,80.031,87.081,106.723,116.545,141.545,159.374,170.425,194.872,211.957,236.958,261.958,286.959,311.96,336.96,361.972,386.972,411.973,420.984,445.985,470.986,495.986,520.987,533.734,558.735,576.024,593.506,610.227,634.951,43.629,243.4,101.181,61.492,,,,5.248,0.8,1.852,1.178,1.72,,,,2.158,6.568,22.913,,,,,,,,,,,,,,,,,,,,,,,,,,,,,,,,,,,,,,,,,,,,,,,,,,,,,
EnF119m5,11_13     ,m,VAChT^flox/flox,VAChT^En1-Cre-flox/flox,OK_En1CreVAChTfx_Extinction,Single-housed,Diurnal light cycle,Dr. Marco Prado - Robarts Research Institute - Ornela-Kljakic,Extinction_Probe,,,Extinction Touch - Helena - DP,EXTINCTION TEST - Helena,30,0,2015-08-16 3:14:11 PM,0.127,0.219,1.514,0.255,1.514,4.831,,,0.958,54.916,3.054,101.855,0.958,4.914,8,0,572.062,17,1,0,3,,40,124,20,21.065,46.066,71.067,84.036,105.834,130.835,155.835,180.835,197.689,219.758,239.61,251.498,268.654,284.389,297.356,322.356,333.108,358.108,374.794,399.795,420.506,433.618,441.245,454.439,470.689,489.366,514.367,529.522,547.059,572.062,1,0,0,1,1,0,0,0,0,1,1,1,0,1,1,0,1,0,1,0,1,1,1,1,1,1,0,0,1,0,0,0,0,0,0,0,0,0,0,0,0,0,0,0,0,0,0,0,0,0,0,0,0,0,0,0,0,0,0,0,21.065,46.066,71.067,84.036,105.834,130.835,155.835,180.835,197.689,219.758,239.61,251.498,268.654,284.389,297.356,322.356,333.108,358.108,374.794,399.795,420.506,433.618,441.245,454.439,470.689,489.366,514.367,529.522,547.059,572.062,6.796,98.923,9.646,2.619,17.89,4.419,28.254,5.205,6.796,7.068,9.646,2.619,0.734,4.419,3.254,4.267,3.547,2.497,6.123,26.685,1.685,34.588,4.916,0.893,3.195,9.587,4.916,0.893,5.999,1.574,3.676,42.649,5.999,1.574,3.676,2.493,,,,,1.733,,,,,2.194,,,,,9.675,41.829,,,,,,,,,,,,,,,,,,,
EnF119m5,11_13     ,m,VAChT^flox/flox,VAChT^En1-Cre-flox/flox,OK_En1CreVAChTfx_Extinction,Single-housed,Diurnal light cycle,Dr. Marco Prado - Robarts Research Institute - Ornela-Kljakic,Extinction_Probe,,,Extinction Touch - Helena - DP,EXTINCTION TEST - Helena,30,0,2015-08-15 2:59:19 PM,5.03,2.451,3.21,4.651,,,,,9.855,26.518,1.083,2.778,9.855,1.517,9,0,470.228,26,0,0,3,,60,117,39,21.019,46.021,62.541,87.542,96.933,116.369,131.178,148.416,165.372,174.421,182.956,191.73,199.379,224.38,240.244,251.986,267.919,292.919,310.27,326.468,335.91,357.544,366.852,382.259,391.37,411.597,423.972,446.664,459.442,470.228,1,0,1,0,1,1,1,1,1,1,1,1,1,0,1,1,1,0,1,1,1,1,1,1,1,1,1,1,1,1,0,0,0,0,0,0,0,0,0,0,0,0,0,0,0,0,0,0,0,0,0,0,0,0,0,0,0,0,0,0,21.019,46.021,62.541,87.542,96.933,116.369,131.178,148.416,165.372,174.421,182.956,191.73,199.379,224.38,240.244,251.986,267.919,292.919,310.27,326.468,335.91,357.544,366.852,382.259,391.37,411.597,423.972,446.664,459.442,470.228,26.612,4.435,5.545,2.235,3.52,0.933,1.261,4.264,1.611,4.435,5.545,2.235,3.52,0.933,1.261,8.434,3.115,2.272,2.49,1.282,1.282,0.675,25.863,2.461,1.973,0.675,0.862,2.461,0.931,33.126,1.197,2.661,0.931,8.126,1.197,2.661,,,,,4.28,,,,,4.224,6.632,0.914,7.278,0.715,1.78,3.392,3.128,3.395,2.115,6.632,0.914,7.278,0.715,5.227,5.258,7.689,2.313,1.632,5.462,4.154,5.227,5.258,7.689,2.313,1.632
EnF118m6,11_13     ,m, VAChT^En1-Cre-flox/flox,VAChT^En1-Cre-flox/flox,OK_En1CreVAChTfx_Extinction,Single-housed,Diurnal light cycle,Dr. Marco Prado - Robarts Research Institute - Ornela-Kljakic,Extinction_Probe,,,Extinction Touch - Helena - DP,EXTINCTION TEST - Helena,30,0,2015-08-27 3:11:22 PM,8.072,4.071,,,,,,,180.321,50.318,57.871,19.161,1.09,2.447,3,0,642.177,3,2,1,3,64.817,0,0,57,30.123,55.124,80.125,95.125,110.126,133.886,158.855,184.353,200.444,225.444,248.315,265.764,290.765,311.457,334.426,349.427,374.427,399.428,424.428,441.982,466.983,482.095,497.096,512.096,527.097,542.138,567.175,592.176,617.176,642.177,0,0,0,0,0,0,0,0,1,0,0,1,0,1,0,0,0,0,0,0,0,0,0,0,0,0,0,0,0,0,1,0,0,0,0,0,0,0,0,0,0,0,0,0,0,0,0,0,0,0,0,0,0,0,0,0,0,0,0,0,30.123,55.124,80.125,95.125,110.126,133.886,158.855,184.353,200.444,225.444,248.315,265.764,290.765,311.457,334.426,349.427,374.427,399.428,424.428,441.982,466.983,482.095,497.096,512.096,527.097,542.138,567.175,592.176,617.176,642.177,30.692,,,,,,,32.968,5.691,,,,,,,,,,,,,,,,,,,,,,,,,,,,,,,,,,,,,,,,,,,,,,,,,,,,,,,,,,,,,,
EnF118m6,11_13     ,m, VAChT^En1-Cre-flox/flox,VAChT^En1-Cre-flox/flox,OK_En1CreVAChTfx_Extinction,Single-housed,Diurnal light cycle,Dr. Marco Prado - Robarts Research Institute - Ornela-Kljakic,Extinction_Probe,,,Extinction Touch - Helena - DP,EXTINCTION TEST - Helena,30,0,2015-08-26 3:48:17 PM,9.041,0.221,7.841,,,,,,,,,,,,10,0,661.192,0,0,1,0,14.135,30,72,59,30.163,55.208,77.894,102.895,121.968,146.976,170.234,185.235,202.633,227.634,252.637,277.638,302.639,317.64,337.702,352.705,367.706,382.707,397.709,422.71,447.711,472.713,497.714,522.715,537.717,562.718,587.719,612.72,635.357,660.438,0,0,0,0,0,0,0,0,0,0,0,0,0,0,0,0,0,0,0,0,0,0,0,0,0,0,0,0,0,0,1,0,0,0,0,0,0,0,0,0,0,0,0,0,0,0,0,0,0,0,0,0,0,0,0,0,0,0,0,0,30.163,55.208,77.894,102.895,121.968,146.976,170.234,185.235,202.633,227.634,252.637,277.638,302.639,317.64,337.702,352.705,367.706,382.707,397.709,422.71,447.711,472.713,497.714,522.715,537.717,562.718,587.719,612.72,635.357,660.438,,,,,,,,,,,,,,,,,,,,,,,,,,,,,,,,,,,,,,,,,,,,,,,,,,,,,,,,,,,,,,,,,,,,,,,
EnF118m6,11_13     ,m, VAChT^En1-Cre-flox/flox,VAChT^En1-Cre-flox/flox,OK_En1CreVAChTfx_Extinction,Single-housed,Diurnal light cycle,Dr. Marco Prado - Robarts Research Institute - Ornela-Kljakic,Extinction_Probe,,,Extinction Touch - Helena - DP,EXTINCTION TEST - Helena,30,0,2015-08-25 3:12:39 PM,4.025,,,,,,,,135.172,8.366,3.684,1.576,4.592,8.366,1,0,605.47,6,0,1,1,0.575,38,88,66,20.692,45.693,70.694,95.694,110.695,135.695,148.973,163.917,178.918,193.919,218.93,235.114,251.768,273.16,286.199,311.199,336.2,354.648,372.702,394.263,409.264,434.264,454.438,479.438,495.61,520.61,546.367,565.469,580.47,605.47,0,0,0,0,0,0,1,1,0,0,0,0,1,0,1,0,0,1,0,0,0,0,0,0,0,0,0,1,0,0,1,0,0,0,0,0,0,0,0,0,0,0,0,0,0,0,0,0,0,0,0,0,0,0,0,0,0,0,0,0,20.692,45.693,70.694,95.694,110.695,135.695,148.973,163.917,178.918,193.919,218.93,235.114,251.768,273.16,286.199,311.199,336.2,354.648,372.702,394.263,409.264,434.264,454.438,479.438,495.61,520.61,546.367,565.469,580.47,605.47,72.85,27.15,53.448,195.82,,,,31.392,1.652,5.758,3.447,4.101,,,,2.28,28.054,21.369,,,,,,,,,,,,,,,,,,,,,,,,,,,,,,,,,,,,,,,,,,,,,,,,,,,,,
EnF118m6,11_13     ,m, VAChT^En1-Cre-flox/flox,VAChT^En1-Cre-flox/flox,OK_En1CreVAChTfx_Extinction,Single-housed,Diurnal light cycle,Dr. Marco Prado - Robarts Research Institute - Ornela-Kljakic,Extinction_Probe,,,Extinction Touch - Helena - DP,EXTINCTION TEST - Helena,30,0,2015-08-24 3:40:54 PM,2.719,8.084,,,,,,,527.663,,4.129,,6.776,,3,0,566.825,1,0,1,1,0.284,47,57,102,20.031,45.033,60.035,75.036,90.038,105.039,130.041,145.776,161.87,181.042,206.043,229.055,244.057,259.058,274.06,289.062,304.063,319.065,344.066,369.068,384.069,399.102,414.104,439.105,464.106,479.723,500.914,525.915,541.823,566.824,0,0,0,0,0,0,0,0,0,0,0,0,0,0,0,0,0,0,0,0,0,0,0,0,0,0,0,0,1,0,1,0,0,0,0,0,0,0,0,0,0,0,0,0,0,0,0,0,0,0,0,0,0,0,0,0,0,0,0,0,20.031,45.033,60.035,75.036,90.038,105.039,130.041,145.776,161.87,181.042,206.043,229.055,244.057,259.058,274.06,289.062,304.063,319.065,344.066,369.068,384.069,399.102,414.104,439.105,464.106,479.723,500.914,525.915,541.823,566.824,,,,,,,,,,,,,,,,,,,,,,,,,,,,,,,,,,,,,,,,,,,,,,,,,,,,,,,,,,,,,,,,,,,,,,,
EnF118m6,11_13     ,m, VAChT^En1-Cre-flox/flox,VAChT^En1-Cre-flox/flox,OK_En1CreVAChTfx_Extinction,Single-housed,Diurnal light cycle,Dr. Marco Prado - Robarts Research Institute - Ornela-Kljakic,Extinction_Probe,,,Extinction Touch - Helena - DP,EXTINCTION TEST - Helena,30,0,2015-08-23 3:57:02 PM,7.458,1.756,1.699,3.28,,,,,57.562,108.748,18.79,54.7,7.56,1.429,6,0,625.462,10,0,1,0,36.664,51,108,38,30.109,55.11,77.671,95.187,118.318,134.991,159.991,184.991,201.421,226.421,246.121,261.122,270.642,290.969,308.404,330.893,355.894,369.851,379.53,390.978,406.867,431.868,456.869,475.459,500.459,525.459,550.46,575.46,600.461,625.461,0,0,1,0,0,0,0,0,1,0,0,0,1,1,1,1,0,1,1,1,1,0,0,0,0,0,0,0,0,0,1,0,0,0,0,0,0,0,0,0,0,0,0,0,0,0,0,0,0,0,0,0,0,0,0,0,0,0,0,0,30.109,55.11,77.671,95.187,118.318,134.991,159.991,184.991,201.421,226.421,246.121,261.122,270.642,290.969,308.404,330.893,355.894,369.851,379.53,390.978,406.867,431.868,456.869,475.459,500.459,525.459,550.46,575.46,600.461,625.461,61.541,5.325,2.43,7.488,28.101,1.116,1.866,2.678,1.839,5.325,2.43,7.488,3.101,1.116,1.866,17.964,5.854,3.562,4.58,0.887,0.887,,,,78.592,,,,,,,,,,,,,,,,,,,,,,,,,,,,,,,,,,,,,,,,,,,,,,
EnF118m6,11_13     ,m, VAChT^En1-Cre-flox/flox,VAChT^En1-Cre-flox/flox,OK_En1CreVAChTfx_Extinction,Single-housed,Diurnal light cycle,Dr. Marco Prado - Robarts Research Institute - Ornela-Kljakic,Extinction_Probe,,,Extinction Touch - Helena - DP,EXTINCTION TEST - Helena,30,0,2015-08-22 5:08:11 PM,2.712,,,,,,,,81.334,0.914,1.203,1.117,1.614,0.914,2,0,516.48,16,1,1,1,7.023,59,82,77,27.053,52.054,67.405,84.749,92.569,99.602,115.28,122.059,130.394,142.81,167.811,187.396,197.372,214.249,232.983,251.959,259.811,269.89,284.891,307.603,332.604,351.054,365.125,381.022,403.062,424.698,449.698,469.801,494.801,516.48,0,0,0,0,1,1,1,1,1,1,0,1,1,1,1,0,1,1,0,1,0,0,1,1,0,0,0,1,0,0,1,0,0,0,0,0,0,0,0,0,0,0,0,0,0,0,0,0,0,0,0,0,0,0,0,0,0,0,0,0,27.053,52.054,67.405,84.749,92.569,99.602,115.28,122.059,130.394,142.81,167.811,187.396,197.372,214.249,232.983,251.959,259.811,269.89,284.891,307.603,332.604,351.054,365.125,381.022,403.062,424.698,449.698,469.801,494.801,516.48,0.677,0.553,0.593,5.77,34.115,3.251,1.875,1.224,0.677,0.553,0.593,5.77,9.115,3.251,1.875,2.741,1.645,5.469,1.724,3.732,3.732,20.187,3.794,22.711,28.977,1.211,3.794,7.711,49.052,3.818,73.777,,5.601,3.818,5.101,,,,,,1.64,,,,,1.284,,,,,53.451,3.468,7.078,12.417,,,,,,,,,,,,,,,,,
EnF121m4,11_13     ,m,VAChT^flox/flox,VAChT^En1-Cre-flox/flox,OK_En1CreVAChTfx_Extinction,Single-housed,Diurnal light cycle,Dr. Marco Prado - Robarts Research Institute - Ornela-Kljakic,Extinction_Probe,,,Extinction Touch - Helena - DP,EXTINCTION TEST - Helena,30,0,2015-09-15 3:38:27 PM,0.611,1.8,4.799,0.63,6.891,4.243,2.12,,71.163,133.695,135.161,7.797,7.332,8.692,15,0,711.897,6,2,1,2,1.027,41,157,22,20.029,43.859,68.859,91.192,116.193,141.193,166.194,191.194,216.195,239.887,257.441,282.441,307.442,332.442,357.443,382.449,404.526,429.527,454.527,471.067,496.068,521.068,536.893,561.893,586.894,611.894,636.895,661.896,686.896,711.897,0,0,0,1,0,0,0,0,0,1,1,0,0,0,0,0,1,0,0,1,0,0,1,0,0,0,0,0,0,0,1,0,0,0,0,0,0,0,0,0,0,0,0,0,0,0,0,0,0,0,0,0,0,0,0,0,0,0,0,0,20.029,43.859,68.859,91.192,116.193,141.193,166.194,191.194,216.195,239.887,257.441,282.441,307.442,332.442,357.443,382.449,404.526,429.527,454.527,471.067,496.068,521.068,536.893,561.893,586.894,611.894,636.895,661.896,686.896,711.897,4.754,132.084,51.539,50.823,,,,,4.754,7.076,1.538,0.822,,,,,,,,,,,,,,,,,,,,,,,,,,,,,,,,,,,,,,,,,,,,,,,,,,,,,,,,,,,
EnF121m4,11_13     ,m,VAChT^flox/flox,VAChT^En1-Cre-flox/flox,OK_En1CreVAChTfx_Extinction,Single-housed,Diurnal light cycle,Dr. Marco Prado - Robarts Research Institute - Ornela-Kljakic,Extinction_Probe,,,Extinction Touch - Helena - DP,EXTINCTION TEST - Helena,30,0,2015-09-14 2:43:04 PM,4.689,0.819,7.051,2.779,2.492,5.911,,,114.995,177.599,9.504,4.665,7.336,2.959,10,1,680.335,7,4,1,2,27.634,32,124,43,30.029,47.665,72.665,87.687,112.688,134.529,159.53,184.16,209.161,234.161,259.165,284.166,309.168,321.793,336.8,361.802,386.803,404.719,423.817,443.993,468.994,488.221,513.222,538.224,563.225,588.226,613.248,631.945,656.946,680.335,0,0,0,0,0,1,0,0,0,0,0,0,0,1,0,0,0,1,1,1,0,0,0,0,0,0,0,1,0,1,1,0,0,0,0,0,0,0,0,0,0,0,0,0,0,0,0,0,0,0,0,0,0,0,0,0,0,0,0,0,30.029,47.665,72.665,87.687,112.688,134.529,159.53,184.16,209.161,234.161,259.165,284.166,309.168,321.793,336.8,361.802,386.803,404.719,423.817,443.993,468.994,488.221,513.222,538.224,563.225,588.226,613.248,631.945,656.946,680.335,68.58,4.097,5.173,172.951,33.387,,,9.342,3.571,4.097,5.173,3.695,8.387,,,54.23,45.232,15.002,,,,,,,,,,,,,,,,,,,,,,,,,,,,,,,,,,,,,,,,,,,,,,,,,,,,,
EnF121m4,11_13     ,m,VAChT^flox/flox,VAChT^En1-Cre-flox/flox,OK_En1CreVAChTfx_Extinction,Single-housed,Diurnal light cycle,Dr. Marco Prado - Robarts Research Institute - Ornela-Kljakic,Extinction_Probe,,,Extinction Touch - Helena - DP,EXTINCTION TEST - Helena,30,0,2015-09-11 3:49:47 PM,0.514,3.837,3.11,2.094,0.631,4.389,9.04,,80.351,449.558,70.222,59.884,5.347,5.199,12,0,689.832,2,6,1,2,21.304,28,96,64,30.034,55.036,80.037,100.386,125.387,150.389,165.391,180.393,200.204,223.042,238.044,253.046,278.048,303.318,329.062,355.076,378.813,403.813,428.814,453.815,478.815,494.742,519.743,544.745,564.947,589.948,614.83,639.831,664.831,689.832,0,0,0,1,0,0,0,0,0,0,0,0,0,0,0,0,0,0,0,0,0,0,0,0,1,0,0,0,0,0,1,0,0,0,0,0,0,0,0,0,0,0,0,0,0,0,0,0,0,0,0,0,0,0,0,0,0,0,0,0,30.034,55.036,80.037,100.386,125.387,150.389,165.391,180.393,200.204,223.042,238.044,253.046,278.048,303.318,329.062,355.076,378.813,403.813,428.814,453.815,478.815,494.742,519.743,544.745,564.947,589.948,614.83,639.831,664.831,689.832,,,,,,,,,,,,,,,,,,,,,,,,,,,,,,,,,,,,,,,,,,,,,,,,,,,,,,,,,,,,,,,,,,,,,,,
EnF121m4,11_13     ,m,VAChT^flox/flox,VAChT^En1-Cre-flox/flox,OK_En1CreVAChTfx_Extinction,Single-housed,Diurnal light cycle,Dr. Marco Prado - Robarts Research Institute - Ornela-Kljakic,Extinction_Probe,,,Extinction Touch - Helena - DP,EXTINCTION TEST - Helena,30,0,2015-09-10 3:50:10 PM,5.439,6.259,3.13,3.089,2.528,0.161,8.652,3.381,104.613,5.639,13.102,11.314,5.002,5.639,11,1,650.463,15,5,1,4,9.981,30,132,17,30.095,54.722,79.723,104.723,124.726,145.367,168.3,181.818,198.755,217.561,237.118,262.118,287.119,312.119,337.121,355.313,376.522,395.307,413.206,429.903,447.463,463.29,489.035,507.842,525.458,550.458,575.459,600.459,625.46,650.463,0,0,0,0,1,1,1,1,1,1,1,0,0,0,0,1,1,0,1,1,1,1,0,1,1,0,0,0,0,0,1,0,0,0,0,0,0,0,0,0,0,0,0,0,0,0,0,0,0,0,0,0,0,0,0,0,0,0,0,0,30.095,54.722,79.723,104.723,124.726,145.367,168.3,181.818,198.755,217.561,237.118,262.118,287.119,312.119,337.121,355.313,376.522,395.307,413.206,429.903,447.463,463.29,489.035,507.842,525.458,550.458,575.459,600.459,625.46,650.463,7.932,7.4,1.936,3.804,4.555,103.192,6.208,1.117,7.932,7.4,1.936,3.804,4.555,3.189,6.208,113.457,23.976,7.927,,21.635,2.849,1.488,2.558,2.898,,1.488,2.558,2.898,29.508,2.614,,,3.748,2.614,,,2.296,,,,,,,,,,,,,,,,,,,,,,,,,,,,,,,,,,
EnF121m4,11_13     ,m,VAChT^flox/flox,VAChT^En1-Cre-flox/flox,OK_En1CreVAChTfx_Extinction,Single-housed,Diurnal light cycle,Dr. Marco Prado - Robarts Research Institute - Ornela-Kljakic,Extinction_Probe,,,Extinction Touch - Helena - DP,EXTINCTION TEST - Helena,30,0,2015-09-09 2:55:33 PM,1.375,0.935,0.839,0.333,3.93,0.478,0.651,3.788,102.18,23.724,30.442,1.204,2.176,3.282,36,0,603.296,11,7,1,6,71.181,23,94,61,30.032,55.034,80.035,105.036,122.214,142.655,160.94,168.376,193.377,214.047,238.301,250.954,275.956,300.957,325.958,344.366,359.367,374.368,396.212,421.213,437.242,452.84,470.819,485.601,500.602,515.603,528.295,553.295,578.295,603.296,0,0,0,0,1,0,1,1,0,1,1,1,0,0,0,0,0,0,0,0,1,1,1,1,0,0,1,0,0,0,1,0,0,0,0,0,0,0,0,0,0,0,0,0,0,0,0,0,0,0,0,0,0,0,0,0,0,0,0,0,30.032,55.034,80.035,105.036,122.214,142.655,160.94,168.376,193.377,214.047,238.301,250.954,275.956,300.957,325.958,344.366,359.367,374.368,396.212,421.213,437.242,452.84,470.819,485.601,500.602,515.603,528.295,553.295,578.295,603.296,1.23,34.597,9.253,3.351,179.176,0.596,2.978,6.071,1.23,9.596,9.253,3.351,8.918,0.596,2.978,4.301,2.11,6.56,1.511,3.221,3.221,36.18,,,,6.179,,,,,,,,,,,4.516,0.415,,,,,,,,,,,,,,,,,,,,,,,,,,,,,,,,,
EnF121m4,11_13     ,m,VAChT^flox/flox,VAChT^En1-Cre-flox/flox,OK_En1CreVAChTfx_Extinction,Single-housed,Diurnal light cycle,Dr. Marco Prado - Robarts Research Institute - Ornela-Kljakic,Extinction_Probe,,,Extinction Touch - Helena - DP,EXTINCTION TEST - Helena,30,0,2015-09-08 3:35:25 PM,1.091,0.065,7.379,3.982,1.213,0.754,0.084,,102.555,5.285,2.623,11.487,2.552,5.285,15,2,628.363,19,13,1,5,133.593,32,133,17,30.103,55.104,80.105,105.105,122.659,142.948,153.698,178.698,203.699,223.272,246.068,271.069,287.272,303.474,328.031,343.855,366.419,383.442,403.146,418.691,434.799,452.287,477.287,493.476,511.891,536.892,557.671,582.672,607.673,628.363,0,0,0,0,1,1,1,0,0,1,1,0,1,1,1,1,1,1,1,1,1,1,0,1,1,0,1,0,0,1,1,0,0,0,0,0,0,0,0,0,0,0,0,0,0,0,0,0,0,0,0,0,0,0,0,0,0,0,0,0,30.103,55.104,80.105,105.105,122.659,142.948,153.698,178.698,203.699,223.272,246.068,271.069,287.272,303.474,328.031,343.855,366.419,383.442,403.146,418.691,434.799,452.287,477.287,493.476,511.891,536.892,557.671,582.672,607.673,628.363,3.124,54.571,7.792,27.658,1.2,9.554,3.033,8.545,3.124,4.57,7.792,2.657,1.2,9.554,3.033,7.788,10.816,9.705,49.019,7.562,7.562,2.019,4.702,0.542,,2.019,4.702,0.542,1.105,2.781,26.187,3.413,1.105,2.781,1.186,3.413,,,,,,,,,,,30.776,55.689,,,,,,,,5.776,5.687,,,,,,,,,,,,,,
EnF121m6,11_13     ,m, VAChT^En1-Cre-flox/flox,VAChT^En1-Cre-flox/flox,OK_En1CreVAChTfx_Extinction,Single-housed,Diurnal light cycle,Dr. Marco Prado - Robarts Research Institute - Ornela-Kljakic,Extinction_Probe,,,Extinction Touch - Helena - DP,EXTINCTION TEST - Helena,30,,2015-08-24 3:04:38 PM,2.37,9.912,3.219,0.208,3.119,2.855,1.059,,142.926,32.05,32.183,38.601,2.36,7.049,14,0,652.294,11,8,1,4,30.609,28,132,44,30.021,50.631,75.632,95.587,120.587,145.587,162.948,187.949,210,232.182,251.732,276.733,297.209,317.376,337.645,352.691,375.024,390.613,411.129,426.704,447.542,466.905,491.905,516.906,541.906,558.989,583.989,602.488,627.294,652.294,0,0,0,0,0,0,1,0,1,0,1,0,1,0,1,0,1,1,1,0,1,0,0,0,0,1,0,1,0,0,1,0,0,0,0,0,0,0,0,0,0,0,0,0,0,0,0,0,0,0,0,0,0,0,0,0,0,0,0,0,30.021,50.631,75.632,95.587,120.587,145.587,162.948,187.949,210,232.182,251.732,276.733,297.209,317.376,337.645,352.691,375.024,390.613,411.129,426.704,447.542,466.905,491.905,516.906,541.906,558.989,583.989,602.488,627.294,652.294,26.731,30.475,29.131,22.279,4.721,5.515,22.164,30.168,4.549,5.475,8.963,7.233,4.721,5.515,6.589,6.304,16.096,5.867,25.575,96.445,2.08,28.498,,,9.248,3.498,,,,,,,,,,,,,,,21.911,,,,,,,,,,,,,,,,,,,,,,,,,,,,,,
EnF126m2,11_13     ,m,VAChT^flox/flox,VAChT^En1-Cre-flox/flox,OK_En1CreVAChTfx_Extinction,Single-housed,Diurnal light cycle,Dr. Marco Prado - Robarts Research Institute - Ornela-Kljakic,Extinction_Probe,,,Extinction Touch - Helena - DP,EXTINCTION TEST - Helena,30,,2015-08-24 3:03:02 PM,3.603,1.46,5.531,,,,,,7.554,54.595,16.464,7.98,7.554,4.594,7,0,524.217,13,0,0,0,,70,82,232,27.574,52.575,77.575,95.151,110.232,129.458,147.589,169.738,188.642,207.914,224.002,243.968,264.423,279.424,294.425,309.297,319.76,329.638,345.946,370.946,388.083,398.211,417.449,431.843,448.383,463.436,479.119,494.12,509.147,524.216,1,0,0,1,0,1,0,0,1,1,1,1,0,0,0,1,1,1,0,0,1,1,0,1,0,0,0,0,0,0,0,0,0,0,0,0,0,0,0,0,0,0,0,0,0,0,0,0,0,0,0,0,0,0,0,0,0,0,0,0,27.574,52.575,77.575,95.151,110.232,129.458,147.589,169.738,188.642,207.914,224.002,243.968,264.423,279.424,294.425,309.297,319.76,329.638,345.946,370.946,388.083,398.211,417.449,431.843,448.383,463.436,479.119,494.12,509.147,524.216,19.306,44.183,4.271,3.26,4.965,55.297,1.557,17.312,4.225,3.903,4.271,3.26,4.965,4.84,1.557,13.589,7.827,30.455,5.03,1.443,1.443,43.445,1.451,22.262,3.467,2.137,1.451,3.024,,,,,,,,,,,,,3.434,,,,,11.727,,,,,3.677,6.369,,,,,,,,,,,,,,,,,,,
EnF121m6,11_13     ,m, VAChT^En1-Cre-flox/flox,VAChT^En1-Cre-flox/flox,OK_En1CreVAChTfx_Extinction,Single-housed,Diurnal light cycle,Dr. Marco Prado - Robarts Research Institute - Ornela-Kljakic,Extinction_Probe,,,Extinction Touch - Helena - DP,EXTINCTION TEST - Helena,30,0,2015-08-23 4:04:13 PM,2.698,6.09,0.406,9.182,2.977,5.832,5.631,1.813,42.095,4.372,2.215,25.847,2.094,4.372,17,0,646.97,10,4,1,7,17.41,34,141,25,30.019,45.02,54.33,73.703,89.55,100.129,119.043,137.895,162.895,184.844,206.399,228.316,249.889,265.945,287.326,312.327,337.327,354.699,376.102,401.102,426.103,451.103,476.103,496.968,521.968,546.969,571.969,596.969,621.97,646.97,0,0,1,1,0,1,1,1,0,1,0,1,0,1,1,0,0,0,0,0,0,0,0,1,0,0,0,0,0,0,1,0,0,0,0,0,0,0,0,0,0,0,0,0,0,0,0,0,0,0,0,0,0,0,0,0,0,0,0,0,30.019,45.02,54.33,73.703,89.55,100.129,119.043,137.895,162.895,184.844,206.399,228.316,249.889,265.945,287.326,312.327,337.327,354.699,376.102,401.102,426.103,451.103,476.103,496.968,521.968,546.969,571.969,596.969,621.97,646.97,18.624,3.913,3.851,34.507,28.471,22.628,6.379,2.801,2.777,3.913,3.851,9.507,6.916,1.055,6.379,44.201,7.441,31.573,10.479,194.64,5.864,,,,13.01,,,,,,,,,,,,,,,,165.003,,,,,,,,,,,,,,,,,,,,,,,,,,,,,,
EnF126m2,11_13     ,m,VAChT^flox/flox,VAChT^En1-Cre-flox/flox,OK_En1CreVAChTfx_Extinction,Single-housed,Diurnal light cycle,Dr. Marco Prado - Robarts Research Institute - Ornela-Kljakic,Extinction_Probe,,,Extinction Touch - Helena - DP,EXTINCTION TEST - Helena,30,0,2015-08-23 4:03:58 PM,3.325,,,,,,,,33.676,54.375,11.323,3.858,8.675,4.374,1,0,556.97,11,0,1,0,16.674,103,86,71,30.02,53.695,78.695,103.696,116.928,135.874,160.412,178.939,202.083,212.228,225.717,240.717,255.718,270.72,295.72,310.892,325.892,337.219,352.219,367.219,382.219,405.795,430.796,440.83,455.83,471.994,493.728,509.695,534.695,556.97,0,1,0,0,1,1,1,1,1,1,1,0,0,0,0,1,0,1,0,0,0,0,0,1,0,0,0,0,0,0,1,0,0,0,0,0,0,0,0,0,0,0,0,0,0,0,0,0,0,0,0,0,0,0,0,0,0,0,0,0,30.02,53.695,78.695,103.696,116.928,135.874,160.412,178.939,202.083,212.228,225.717,240.717,255.718,270.72,295.72,310.892,325.892,337.219,352.219,367.219,382.219,405.795,430.796,440.83,455.83,471.994,493.728,509.695,534.695,556.97,3.945,9.537,3.526,8.143,1.626,2.91,74.023,18.629,3.945,9.537,3.526,8.143,1.626,2.91,4.02,15.773,3.518,5.578,6.151,18.948,3.948,95.205,,,2.378,1.628,,,,,,,,,,,,,,,3.405,,,,,,,,,,,,,,,,,,,,,,,,,,,,,,
EnF126m2,11_13     ,m,VAChT^flox/flox,VAChT^En1-Cre-flox/flox,OK_En1CreVAChTfx_Extinction,Single-housed,Diurnal light cycle,Dr. Marco Prado - Robarts Research Institute - Ornela-Kljakic,Extinction_Probe,,,Extinction Touch - Helena - DP,EXTINCTION TEST - Helena,30,0,2015-08-22 5:10:55 PM,8.152,2.381,2.188,8.21,,,,,3.693,42.733,17.704,12.587,3.693,3.82,8,0,552.598,16,0,0,0,,117,131,71,23.712,40.786,62.625,81.446,106.446,122.375,143.241,166.148,178.126,194.608,219.274,234.274,243.648,256.853,272.144,284.611,304.523,326.567,342.446,367.447,388.801,403.801,428.801,453.802,471.266,496.266,511.99,530.052,541.526,552.598,1,0,0,1,0,1,1,0,1,1,0,0,1,1,0,1,1,1,0,0,0,0,0,0,1,0,1,1,1,1,0,0,0,0,0,0,0,0,0,0,0,0,0,0,0,0,0,0,0,0,0,0,0,0,0,0,0,0,0,0,23.712,40.786,62.625,81.446,106.446,122.375,143.241,166.148,178.126,194.608,219.274,234.274,243.648,256.853,272.144,284.611,304.523,326.567,342.446,367.447,388.801,403.801,428.801,453.802,471.266,496.266,511.99,530.052,541.526,552.598,25.928,5.865,27.633,5.605,40.465,1.183,18.655,13.842,0.928,5.865,4.726,5.605,0.799,1.183,3.364,2.252,5.876,3.574,7.022,4.911,4.911,8.773,134.574,25.723,4.103,8.773,7.339,0.723,6.859,2.692,3.87,,6.859,2.692,3.87,,,,,,14.32,,,,,8.27,,,,,5.125,13.279,6.203,3.781,2.202,,,,,,,,,,,,,,,,
EnF121m6,11_13     ,m, VAChT^En1-Cre-flox/flox,VAChT^En1-Cre-flox/flox,OK_En1CreVAChTfx_Extinction,Single-housed,Diurnal light cycle,Dr. Marco Prado - Robarts Research Institute - Ornela-Kljakic,Extinction_Probe,,,Extinction Touch - Helena - DP,EXTINCTION TEST - Helena,30,0,2015-08-22 5:10:22 PM,5.31,3.876,2.707,1.683,1.596,2.51,1.64,8.35,6.274,7.208,10.42,14.94,6.274,7.208,21,1,539.309,19,1,0,6,,38,151,36,26.294,48.503,68.279,93.279,112.1,136.308,156.47,165.294,190.295,209.047,218.07,243.07,259.177,279.083,299.007,312.973,321.582,341.598,359.889,370.958,390.836,407.556,416.712,431.713,456.713,475.679,490.335,510.408,527.681,539.309,1,1,1,0,1,0,1,1,0,1,1,0,1,0,0,1,1,1,1,1,1,0,1,0,0,0,1,1,0,1,0,0,0,0,0,0,0,0,0,0,0,0,0,0,0,0,0,0,0,0,0,0,0,0,0,0,0,0,0,0,26.294,48.503,68.279,93.279,112.1,136.308,156.47,165.294,190.295,209.047,218.07,243.07,259.177,279.083,299.007,312.973,321.582,341.598,359.889,370.958,390.836,407.556,416.712,431.713,456.713,475.679,490.335,510.408,527.681,539.309,4.775,28.821,29.368,2.43,28.753,2.98,33.924,1.394,4.775,3.82,5.161,2.43,3.752,2.98,8.924,1.042,2.183,5.567,1.714,43.229,3.399,1.895,5.016,3.29,12.127,1.895,5.016,3.29,4.459,4.877,19.604,65.994,4.459,4.877,2.884,7.027,,,,,15.137,,,,,1.61,5.072,19.807,,,26.72,1.272,2.629,27.274,4.093,5.072,2.534,,,,,,,,,,,,,,
EnF121m6,11_13     ,m, VAChT^En1-Cre-flox/flox,VAChT^En1-Cre-flox/flox,OK_En1CreVAChTfx_Extinction,Single-housed,Diurnal light cycle,Dr. Marco Prado - Robarts Research Institute - Ornela-Kljakic,Extinction_Probe,,,Extinction Touch - Helena - DP,EXTINCTION TEST - Helena,30,,2015-08-27 2:33:13 PM,0.415,7.437,5.524,3.42,8.29,2.462,2.092,0.144,154.438,4.574,25.587,6.594,6.432,4.574,24,0,704.333,7,4,1,4,118.198,18,111,10,30.07,55.071,80.072,105.072,130.073,153.076,174.51,194.085,209.672,234.673,259.674,284.675,309.675,334.676,359.676,384.677,409.677,434.678,459.678,484.678,502.849,519.886,544.886,569.887,592.27,617.27,642.27,661.079,686.079,704.333,0,0,0,0,0,0,1,1,0,0,0,0,0,0,0,0,0,0,0,0,1,1,0,0,1,0,0,1,0,1,1,0,0,0,0,0,0,0,0,0,0,0,0,0,0,0,0,0,0,0,0,0,0,0,0,0,0,0,0,0,30.07,55.071,80.072,105.072,130.073,153.076,174.51,194.085,209.672,234.673,259.674,284.675,309.675,334.676,359.676,384.677,409.677,434.678,459.678,484.678,502.849,519.886,544.886,569.887,592.27,617.27,642.27,661.079,686.079,704.333,297.169,2.035,57.383,53.808,28.253,,,,6.576,2.035,7.382,3.808,3.253,,,,,,,,,,,,,,,,,,,,,,,,,,,,,,,,,,,,,,,,,,,,,,,,,,,,,,,,,,
