AnimalID,Age,Sex,Genotype,Strain,ExpName,Housing,LightCycle,PISiteUser,SessionName,Image,Image_Description,Analysis_Name,Schedule_Name,Max_Number_Trials,Max_Schedule_Time,Date_Time,AVG_Blank Touch Latency,AVG_Correct Centre touch latency,AVG_Correct Reward Collection,AVG_Correct touch latency,AVG_End Summary - Blank Touches,AVG_End Summary - Centre ITI Touches,AVG_End Summary - Condition,AVG_End Summary - Corrects,AVG_End Summary - Left ITI Touches,AVG_End Summary - Omissions - Omission,AVG_End Summary - Right ITI Touches,AVG_Omission to Tray Latency,AVG_Reward IR Breaks - Reward Beam Cnt,AVG_Screen IR Breaks - Screen IR Cnt,AVG_Tray entered - Cnt,AVG_Trial Analysis - Condition,AVG_Trial Analysis - Correct,AVG_Trial Analysis - Omissions - Omission,AVG_Trial Analysis - Time
EnF118m6,11_13     ,m, VAChT^En1-Cre-flox/flox,VAChT^En1-Cre-flox/flox,OK_En1CreVAChTfx_Extinction,Single-housed,Diurnal light cycle,Dr. Marco Prado - Robarts Research Institute - Ornela-Kljakic,Extinction_Probe,,,Extinction Touch - Helena - DP,EXTINCTION TEST - Helena,30,0,2015-08-26 3:48:17 PM,5.7010000000000005,,,,10,,661.192,,,1,,14.135,30,72,59,342.33849999999995,,1,342.33849999999995
EnF118m6,11_13     ,m, VAChT^En1-Cre-flox/flox,VAChT^En1-Cre-flox/flox,OK_En1CreVAChTfx_Extinction,Single-housed,Diurnal light cycle,Dr. Marco Prado - Robarts Research Institute - Ornela-Kljakic,Extinction_Probe,,,Extinction Touch - Helena - DP,EXTINCTION TEST - Helena,30,0,2015-08-24 3:40:54 PM,5.4014999999999995,527.663,4.129,6.776,3,,566.825,1,,1,1,0.284,47,57,102,285.57410000000004,1,1,285.5741
EnF119m5,11_13     ,m,VAChT^flox/flox,VAChT^En1-Cre-flox/flox,OK_En1CreVAChTfx_Extinction,Single-housed,Diurnal light cycle,Dr. Marco Prado - Robarts Research Institute - Ornela-Kljakic,Extinction_Probe,,,Extinction Touch - Helena - DP,EXTINCTION TEST - Helena,30,0,2015-08-16 3:14:11 PM,1.4100000000000001,20.317705882352943,15.431166666666668,4.190058823529411,8,,572.062,17,1,,3,,40,124,20,307.1853666666667,1,,307.1853666666667
EnF116m6,11_13     ,m, VAChT^En1-Cre-flox/flox,VAChT^En1-Cre-flox/flox,OK_En1CreVAChTfx_Extinction,Single-housed,Diurnal light cycle,Dr. Marco Prado - Robarts Research Institute - Ornela-Kljakic,Extinction_Probe,,,Extinction Touch - Helena - DP,EXTINCTION TEST - Helena,30,,2015-08-14 2:07:23 PM,3.453,295.8125,158.8665,5.765499999999999,12,,718.646,2,4,1,2,22.105,32,,8,378.1305333333334,1,1,378.1305333333334
EnF122m4,11_13     ,m,VAChT^flox/flox,VAChT^En1-Cre-flox/flox,OK_En1CreVAChTfx_Extinction,Single-housed,Diurnal light cycle,Dr. Marco Prado - Robarts Research Institute - Ornela-Kljakic,Extinction_Probe,,,Extinction Touch - Helena - DP,EXTINCTION TEST - Helena,30,0,2015-07-07 5:34:34 PM,4.737777777777778,36.124916666666664,22.739666666666665,3.3097499999999993,11,2,668.543,12,11,,,,95,,14,343.2704333333333,1,,343.2704333333333
EnF121m5,11_13     ,m, VAChT^En1-Cre-flox/flox,VAChT^En1-Cre-flox/flox,OK_En1CreVAChTfx_Extinction,Single-housed,Diurnal light cycle,Dr. Marco Prado - Robarts Research Institute - Ornela-Kljakic,Extinction_Probe,,,Extinction Touch - Helena - DP,EXTINCTION TEST - Helena,30,0,2015-07-26 2:57:48 PM,6.911833333333334,41.576499999999996,5.209833333333333,5.012,8,,633.715,10,1,1,1,23.098,47,118,36,328.91726666666665,1,1,328.91726666666665
EnF119m5,11_13     ,m,VAChT^flox/flox,VAChT^En1-Cre-flox/flox,OK_En1CreVAChTfx_Extinction,Single-housed,Diurnal light cycle,Dr. Marco Prado - Robarts Research Institute - Ornela-Kljakic,Extinction_Probe,,,Extinction Touch - Helena - DP,EXTINCTION TEST - Helena,30,,2015-08-19 2:38:00 PM,3.8718333333333335,58.76814285714287,26.29942857142857,3.750857142857143,6,1,643.656,7,4,1,4,28.89,83,,49,341.2184666666668,1,1,341.2184666666668
EnF119m5,11_13     ,m,VAChT^flox/flox,VAChT^En1-Cre-flox/flox,OK_En1CreVAChTfx_Extinction,Single-housed,Diurnal light cycle,Dr. Marco Prado - Robarts Research Institute - Ornela-Kljakic,Extinction_Probe,,,Extinction Touch - Helena - DP,EXTINCTION TEST - Helena,30,,2015-08-18 2:58:56 PM,0.384,114.89824999999999,12.744,4.89575,1,,697.207,4,3,,8,,106,,43,361.3312666666668,1,,361.3312666666668
EnF118m8,11_13     ,m, VAChT^En1-Cre-flox/flox,VAChT^En1-Cre-flox/flox,OK_En1CreVAChTfx_Extinction,Single-housed,Diurnal light cycle,Dr. Marco Prado - Robarts Research Institute - Ornela-Kljakic,Extinction_Probe,,,Extinction Touch - Helena - DP,EXTINCTION TEST - Helena,30,0,2015-08-09 4:13:30 PM,,33.222727272727276,11.59088888888889,3.7855454545454545,,,622.356,11,2,1,11,24.049,118,284,49,315.14039999999994,1,1,315.14039999999994
EnF118m7,11_13     ,m,VAChT^flox/flox,VAChT^En1-Cre-flox/flox,OK_En1CreVAChTfx_Extinction,Single-housed,Diurnal light cycle,Dr. Marco Prado - Robarts Research Institute - Ornela-Kljakic,Extinction_Probe,,,Extinction Touch - Helena - DP,EXTINCTION TEST - Helena,30,0,2015-07-17 5:00:17 PM,4.6725,56.447428571428574,32.73733333333333,5.574857142857143,19,,670.039,7,,1,9,28.023,30,230,16,336.79159999999996,1,1,336.7916000000001
EnF119m3,11_13     ,m, VAChT^En1-Cre-flox/flox,VAChT^En1-Cre-flox/flox,OK_En1CreVAChTfx_Extinction,Single-housed,Diurnal light cycle,Dr. Marco Prado - Robarts Research Institute - Ornela-Kljakic,Extinction_Probe,,,Extinction Touch - Helena - DP,EXTINCTION TEST - Helena,30,0,2015-09-10 3:44:43 PM,5.607499999999999,29.40730769230769,27.38511111111111,4.315384615384615,16,,642.554,13,,1,7,47.825,38,111,23,321.98546666666664,1,1,321.98546666666664
EnF125m2,11_13     ,m,VAChT^flox/flox,VAChT^En1-Cre-flox/flox,OK_En1CreVAChTfx_Extinction,Single-housed,Diurnal light cycle,Dr. Marco Prado - Robarts Research Institute - Ornela-Kljakic,Extinction_Probe,,,Extinction Touch - Helena - DP,EXTINCTION TEST - Helena,30,0,2015-09-09 2:44:50 PM,4.3358,79.988,47.785,6.175,23,,750.938,1,6,1,,33.81,17,168,5,388.1322333333333,1,1,388.1322333333333
EnF121m6,11_13     ,m, VAChT^En1-Cre-flox/flox,VAChT^En1-Cre-flox/flox,OK_En1CreVAChTfx_Extinction,Single-housed,Diurnal light cycle,Dr. Marco Prado - Robarts Research Institute - Ornela-Kljakic,Extinction_Probe,,,Extinction Touch - Helena - DP,EXTINCTION TEST - Helena,30,0,2015-08-23 4:04:13 PM,4.328625000000001,35.948,33.61888888888889,4.672799999999999,17,,646.97,10,4,1,7,17.41,34,141,25,312.46506666666664,1,1,312.46506666666664
EnF126m2,11_13     ,m,VAChT^flox/flox,VAChT^En1-Cre-flox/flox,OK_En1CreVAChTfx_Extinction,Single-housed,Diurnal light cycle,Dr. Marco Prado - Robarts Research Institute - Ornela-Kljakic,Extinction_Probe,,,Extinction Touch - Helena - DP,EXTINCTION TEST - Helena,30,0,2015-08-23 4:03:58 PM,3.325,27.810363636363636,7.845888888888889,4.757454545454546,1,,556.97,11,,1,,16.674,103,86,71,297.9051666666666,1,1,297.9051666666666
EnF121m4,11_13     ,m,VAChT^flox/flox,VAChT^En1-Cre-flox/flox,OK_En1CreVAChTfx_Extinction,Single-housed,Diurnal light cycle,Dr. Marco Prado - Robarts Research Institute - Ornela-Kljakic,Extinction_Probe,,,Extinction Touch - Helena - DP,EXTINCTION TEST - Helena,30,0,2015-09-09 2:55:33 PM,1.7259999999999998,36.04418181818182,7.457000000000001,4.616363636363636,36,,603.296,11,7,1,6,71.181,23,94,61,322.8428666666667,1,1,322.8428666666667
EnF118m6,11_13     ,m, VAChT^En1-Cre-flox/flox,VAChT^En1-Cre-flox/flox,OK_En1CreVAChTfx_Extinction,Single-housed,Diurnal light cycle,Dr. Marco Prado - Robarts Research Institute - Ornela-Kljakic,Extinction_Probe,,,Extinction Touch - Helena - DP,EXTINCTION TEST - Helena,30,0,2015-08-27 3:11:22 PM,6.0714999999999995,87.11033333333334,36.66666666666667,3.076,3,,642.177,3,2,1,3,64.817,,,57,338.6744333333333,1,1,338.6744333333333
EnF116m6,11_13     ,m, VAChT^En1-Cre-flox/flox,VAChT^En1-Cre-flox/flox,OK_En1CreVAChTfx_Extinction,Single-housed,Diurnal light cycle,Dr. Marco Prado - Robarts Research Institute - Ornela-Kljakic,Extinction_Probe,,,Extinction Touch - Helena - DP,EXTINCTION TEST - Helena,30,,2015-08-13 2:31:35 PM,3.558,358.247,91.006,8.238,5,,753.55,1,7,1,4,18.686,23,,3,391.72966666666673,1,1,391.7296666666665
EnF118m8,11_13     ,m, VAChT^En1-Cre-flox/flox,VAChT^En1-Cre-flox/flox,OK_En1CreVAChTfx_Extinction,Single-housed,Diurnal light cycle,Dr. Marco Prado - Robarts Research Institute - Ornela-Kljakic,Extinction_Probe,,,Extinction Touch - Helena - DP,EXTINCTION TEST - Helena,30,,2015-08-12 2:52:21 PM,4.423,84.419,2.664,1.9165,3,1,701.556,2,2,1,2,11.956,111,181,33,361.6853000000001,1,1,361.6853000000001
EnF122m4,11_13     ,m,VAChT^flox/flox,VAChT^En1-Cre-flox/flox,OK_En1CreVAChTfx_Extinction,Single-housed,Diurnal light cycle,Dr. Marco Prado - Robarts Research Institute - Ornela-Kljakic,Extinction_Probe,,,Extinction Touch - Helena - DP,EXTINCTION TEST - Helena,30,0,2015-07-13 6:00:28 PM,3.6914285714285713,711.793,,6.765,12,,731.833,1,4,1,2,51.696,61,,9,376.1300333333333,1,1,376.1300333333333
EnF122m4,11_13     ,m,VAChT^flox/flox,VAChT^En1-Cre-flox/flox,OK_En1CreVAChTfx_Extinction,Single-housed,Diurnal light cycle,Dr. Marco Prado - Robarts Research Institute - Ornela-Kljakic,Extinction_Probe,,,Extinction Touch - Helena - DP,EXTINCTION TEST - Helena,30,0,2015-07-10 5:45:19 PM,2.7647500000000003,45.82525,13.15,5.64625,4,,678.516,4,,1,3,2.356,53,,41,336.53976666666665,1,1,336.53976666666665
EnF122m4,11_13     ,m,VAChT^flox/flox,VAChT^En1-Cre-flox/flox,OK_En1CreVAChTfx_Extinction,Single-housed,Diurnal light cycle,Dr. Marco Prado - Robarts Research Institute - Ornela-Kljakic,Extinction_Probe,,,Extinction Touch - Helena - DP,EXTINCTION TEST - Helena,30,0,2015-07-08 6:01:03 PM,3.1252,58.57716666666666,52.57625,4.4095,8,,712.486,6,,1,6,63.107,48,164,17,366.4937666666667,1,1,366.4937666666668
EnF125m2,11_13     ,m,VAChT^flox/flox,VAChT^En1-Cre-flox/flox,OK_En1CreVAChTfx_Extinction,Single-housed,Diurnal light cycle,Dr. Marco Prado - Robarts Research Institute - Ornela-Kljakic,Extinction_Probe,,,Extinction Touch - Helena - DP,EXTINCTION TEST - Helena,30,0,2015-09-01 2:52:46 PM,3.8032222222222223,33.21790909090909,5.331,4.4982727272727265,27,,671.877,11,12,1,1,91.27,18,98,7,347.2255333333333,1,1,347.2255333333333
EnF121m5,11_13     ,m, VAChT^En1-Cre-flox/flox,VAChT^En1-Cre-flox/flox,OK_En1CreVAChTfx_Extinction,Single-housed,Diurnal light cycle,Dr. Marco Prado - Robarts Research Institute - Ornela-Kljakic,Extinction_Probe,,,Extinction Touch - Helena - DP,EXTINCTION TEST - Helena,30,,2015-07-29 2:46:57 PM,3.234666666666667,56.553999999999995,18.868000000000002,3.2678,6,,614.505,5,1,1,2,0.241,28,81,88,310.70313333333337,1,1,310.70313333333337
EnF121m6,11_13     ,m, VAChT^En1-Cre-flox/flox,VAChT^En1-Cre-flox/flox,OK_En1CreVAChTfx_Extinction,Single-housed,Diurnal light cycle,Dr. Marco Prado - Robarts Research Institute - Ornela-Kljakic,Extinction_Probe,,,Extinction Touch - Helena - DP,EXTINCTION TEST - Helena,30,,2015-08-27 2:33:13 PM,3.7229999999999994,85.38000000000001,16.0905,4.865714285714286,24,,704.333,7,4,1,4,118.198,18,111,10,370.9649,1,1,370.9649
EnF121m6,11_13     ,m, VAChT^En1-Cre-flox/flox,VAChT^En1-Cre-flox/flox,OK_En1CreVAChTfx_Extinction,Single-housed,Diurnal light cycle,Dr. Marco Prado - Robarts Research Institute - Ornela-Kljakic,Extinction_Probe,,,Extinction Touch - Helena - DP,EXTINCTION TEST - Helena,30,,2015-08-26 3:20:34 PM,3.0918571428571435,50.46666666666667,43.08266666666666,4.423222222222222,33,,694.099,9,10,1,8,113.371,20,145,8,360.13626666666664,1,1,360.1362666666667
EnF121m4,11_13     ,m,VAChT^flox/flox,VAChT^En1-Cre-flox/flox,OK_En1CreVAChTfx_Extinction,Single-housed,Diurnal light cycle,Dr. Marco Prado - Robarts Research Institute - Ornela-Kljakic,Extinction_Probe,,,Extinction Touch - Helena - DP,EXTINCTION TEST - Helena,30,0,2015-09-15 3:38:27 PM,3.0134285714285722,74.00966666666666,71.479,5.035666666666667,15,,711.897,6,2,1,2,1.027,41,157,22,366.2131333333334,1,1,366.2131333333334
EnF121m4,11_13     ,m,VAChT^flox/flox,VAChT^En1-Cre-flox/flox,OK_En1CreVAChTfx_Extinction,Single-housed,Diurnal light cycle,Dr. Marco Prado - Robarts Research Institute - Ornela-Kljakic,Extinction_Probe,,,Extinction Touch - Helena - DP,EXTINCTION TEST - Helena,30,0,2015-09-11 3:49:47 PM,3.373571428571428,264.9545,65.053,5.273,12,,689.832,2,6,1,2,21.304,28,96,64,351.1470666666667,1,1,351.1470666666667
EnF116m6,11_13     ,m, VAChT^En1-Cre-flox/flox,VAChT^En1-Cre-flox/flox,OK_En1CreVAChTfx_Extinction,Single-housed,Diurnal light cycle,Dr. Marco Prado - Robarts Research Institute - Ornela-Kljakic,Extinction_Probe,,,Extinction Touch - Helena - DP,EXTINCTION TEST - Helena,30,,2015-08-11 3:11:28 PM,5.074,69.49900000000001,80.077,3.849875,3,,681.126,8,2,1,1,71.115,89,,8,353.11323333333337,1,1,353.11323333333337
EnF116m6,11_13     ,m, VAChT^En1-Cre-flox/flox,VAChT^En1-Cre-flox/flox,OK_En1CreVAChTfx_Extinction,Single-housed,Diurnal light cycle,Dr. Marco Prado - Robarts Research Institute - Ornela-Kljakic,Extinction_Probe,,,Extinction Touch - Helena - DP,EXTINCTION TEST - Helena,30,,2015-08-10 2:49:29 PM,4.166333333333333,94.53933333333333,12.521333333333333,5.947166666666667,20,,703.412,6,9,1,3,36.431,47,,12,367.9333666666667,1,1,367.9333666666667
EnF118m7,11_13     ,m,VAChT^flox/flox,VAChT^En1-Cre-flox/flox,OK_En1CreVAChTfx_Extinction,Single-housed,Diurnal light cycle,Dr. Marco Prado - Robarts Research Institute - Ornela-Kljakic,Extinction_Probe,,,Extinction Touch - Helena - DP,EXTINCTION TEST - Helena,30,0,2015-07-16 5:02:33 PM,4.101428571428571,109.951,23.739,2.947,11,3,674.742,5,5,1,13,84.629,32,172,6,346.6671666666667,1,1,346.6671666666667
EnF122m4,11_13     ,m,VAChT^flox/flox,VAChT^En1-Cre-flox/flox,OK_En1CreVAChTfx_Extinction,Single-housed,Diurnal light cycle,Dr. Marco Prado - Robarts Research Institute - Ornela-Kljakic,Extinction_Probe,,,Extinction Touch - Helena - DP,EXTINCTION TEST - Helena,30,0,2015-07-14 5:42:10 PM,6.7065,489.986,129.777,8.498,14,,725.813,1,7,1,,0.382,56,261,12,375.9347666666667,1,1,375.9347666666667
EnF119m3,11_13     ,m, VAChT^En1-Cre-flox/flox,VAChT^En1-Cre-flox/flox,OK_En1CreVAChTfx_Extinction,Single-housed,Diurnal light cycle,Dr. Marco Prado - Robarts Research Institute - Ornela-Kljakic,Extinction_Probe,,,Extinction Touch - Helena - DP,EXTINCTION TEST - Helena,30,0,2015-09-16 2:44:11 PM,6.885666666666668,85.4895,58.622,4.05,19,,708.095,6,1,1,4,21.314,20,147,4,359.7873666666667,1,1,359.7873666666667
EnF125m2,11_13     ,m,VAChT^flox/flox,VAChT^En1-Cre-flox/flox,OK_En1CreVAChTfx_Extinction,Single-housed,Diurnal light cycle,Dr. Marco Prado - Robarts Research Institute - Ornela-Kljakic,Extinction_Probe,,,Extinction Touch - Helena - DP,EXTINCTION TEST - Helena,30,0,2015-09-08 3:29:09 PM,6.025,149.83333333333334,39.723,5.673666666666667,10,,716.544,3,1,1,,150.594,25,111,6,374.0678,1,1,374.0678
EnF125m2,11_13     ,m,VAChT^flox/flox,VAChT^En1-Cre-flox/flox,OK_En1CreVAChTfx_Extinction,Single-housed,Diurnal light cycle,Dr. Marco Prado - Robarts Research Institute - Ornela-Kljakic,Extinction_Probe,,,Extinction Touch - Helena - DP,EXTINCTION TEST - Helena,30,0,2015-09-03 3:18:13 PM,5.006,112.92960000000001,111.60366666666665,5.812399999999999,16,,719.689,5,2,1,1,24.421,26,136,11,372.16043333333334,1,1,372.16043333333334
EnF121m6,11_13     ,m, VAChT^En1-Cre-flox/flox,VAChT^En1-Cre-flox/flox,OK_En1CreVAChTfx_Extinction,Single-housed,Diurnal light cycle,Dr. Marco Prado - Robarts Research Institute - Ornela-Kljakic,Extinction_Probe,,,Extinction Touch - Helena - DP,EXTINCTION TEST - Helena,30,,2015-08-25 2:44:53 PM,5.350875,46.42011111111111,19.287750000000003,5.917777777777777,14,,699.197,9,2,1,8,3.749,26,135,10,356.85416666666663,1,1,356.85416666666663
EnF121m6,11_13     ,m, VAChT^En1-Cre-flox/flox,VAChT^En1-Cre-flox/flox,OK_En1CreVAChTfx_Extinction,Single-housed,Diurnal light cycle,Dr. Marco Prado - Robarts Research Institute - Ornela-Kljakic,Extinction_Probe,,,Extinction Touch - Helena - DP,EXTINCTION TEST - Helena,30,,2015-08-24 3:04:38 PM,3.248857142857143,40.084999999999994,20.66144444444444,5.275636363636362,14,,652.294,11,8,1,4,30.609,28,132,44,341.2732666666667,1,1,341.27326666666664
EnF121m4,11_13     ,m,VAChT^flox/flox,VAChT^En1-Cre-flox/flox,OK_En1CreVAChTfx_Extinction,Single-housed,Diurnal light cycle,Dr. Marco Prado - Robarts Research Institute - Ornela-Kljakic,Extinction_Probe,,,Extinction Touch - Helena - DP,EXTINCTION TEST - Helena,30,0,2015-09-10 3:50:10 PM,3.881666666666666,20.398666666666667,28.482166666666668,4.121333333333333,11,1,650.463,15,5,1,4,9.981,30,132,17,338.2341,1,1,338.2341
EnF121m4,11_13     ,m,VAChT^flox/flox,VAChT^En1-Cre-flox/flox,OK_En1CreVAChTfx_Extinction,Single-housed,Diurnal light cycle,Dr. Marco Prado - Robarts Research Institute - Ornela-Kljakic,Extinction_Probe,,,Extinction Touch - Helena - DP,EXTINCTION TEST - Helena,30,0,2015-09-08 3:35:25 PM,2.081142857142857,18.39726315789474,14.283285714285714,3.9231578947368417,15,2,628.363,19,13,1,5,133.593,32,133,17,330.9956333333333,1,1,330.9956333333333
EnF118m8,11_13     ,m, VAChT^En1-Cre-flox/flox,VAChT^En1-Cre-flox/flox,OK_En1CreVAChTfx_Extinction,Single-housed,Diurnal light cycle,Dr. Marco Prado - Robarts Research Institute - Ornela-Kljakic,Extinction_Probe,,,Extinction Touch - Helena - DP,EXTINCTION TEST - Helena,30,,2015-08-13 2:47:25 PM,5.631,130.957,19.80366666666667,4.092499999999999,3,,687.231,4,1,1,,0.146,100,,36,342.3370666666667,1,1,342.3370666666667
EnF116m6,11_13     ,m, VAChT^En1-Cre-flox/flox,VAChT^En1-Cre-flox/flox,OK_En1CreVAChTfx_Extinction,Single-housed,Diurnal light cycle,Dr. Marco Prado - Robarts Research Institute - Ornela-Kljakic,Extinction_Probe,,,Extinction Touch - Helena - DP,EXTINCTION TEST - Helena,30,,2015-08-12 2:53:00 PM,3.444625,126.447,246.436,1.8706,12,,712.323,5,7,1,2,216.275,48,,3,366.2488666666667,1,1,366.2488666666667
EnF118m7,11_13     ,m,VAChT^flox/flox,VAChT^En1-Cre-flox/flox,OK_En1CreVAChTfx_Extinction,Single-housed,Diurnal light cycle,Dr. Marco Prado - Robarts Research Institute - Ornela-Kljakic,Extinction_Probe,,,Extinction Touch - Helena - DP,EXTINCTION TEST - Helena,30,0,2015-07-13 5:40:49 PM,2.275,27.70284615384615,15.626875000000002,3.6402307692307687,9,1,554.765,13,2,1,1,0.766,59,102,22,298.08406666666673,1,1,298.0840666666666
EnF122m4,11_13     ,m,VAChT^flox/flox,VAChT^En1-Cre-flox/flox,OK_En1CreVAChTfx_Extinction,Single-housed,Diurnal light cycle,Dr. Marco Prado - Robarts Research Institute - Ornela-Kljakic,Extinction_Probe,,,Extinction Touch - Helena - DP,EXTINCTION TEST - Helena,30,0,2015-07-09 5:46:56 PM,4.130199999999999,74.991,32.32966666666667,2.7872500000000002,9,2,688.691,4,,1,2,2.258,61,,13,340.6974000000001,1,1,340.6974000000001
EnF121m5,11_13     ,m, VAChT^En1-Cre-flox/flox,VAChT^En1-Cre-flox/flox,OK_En1CreVAChTfx_Extinction,Single-housed,Diurnal light cycle,Dr. Marco Prado - Robarts Research Institute - Ornela-Kljakic,Extinction_Probe,,,Extinction Touch - Helena - DP,EXTINCTION TEST - Helena,30,,2015-07-30 2:33:49 PM,7.7925,104.61525,21.06575,4.4182500000000005,3,,677.462,4,1,1,,25.328,,114,47,349.5348666666667,1,1,349.53486666666663
EnF121m5,11_13     ,m, VAChT^En1-Cre-flox/flox,VAChT^En1-Cre-flox/flox,OK_En1CreVAChTfx_Extinction,Single-housed,Diurnal light cycle,Dr. Marco Prado - Robarts Research Institute - Ornela-Kljakic,Extinction_Probe,,,Extinction Touch - Helena - DP,EXTINCTION TEST - Helena,30,,2015-07-28 1:59:49 PM,8.568,54.62385714285714,48.518499999999996,4.123714285714286,2,,692.502,7,1,1,1,6.45,37,98,16,348.85853333333336,1,1,348.85853333333336
EnF126m2,11_13     ,m,VAChT^flox/flox,VAChT^En1-Cre-flox/flox,OK_En1CreVAChTfx_Extinction,Single-housed,Diurnal light cycle,Dr. Marco Prado - Robarts Research Institute - Ornela-Kljakic,Extinction_Probe,,,Extinction Touch - Helena - DP,EXTINCTION TEST - Helena,30,,2015-08-27 2:32:39 PM,4.782125,158.849,58.423,8.359,26,,721.977,2,,1,3,4.017,56,146,33,368.5027333333334,1,1,368.5027333333334
EnF126m2,11_13     ,m,VAChT^flox/flox,VAChT^En1-Cre-flox/flox,OK_En1CreVAChTfx_Extinction,Single-housed,Diurnal light cycle,Dr. Marco Prado - Robarts Research Institute - Ornela-Kljakic,Extinction_Probe,,,Extinction Touch - Helena - DP,EXTINCTION TEST - Helena,30,,2015-08-26 3:20:04 PM,5.242,86.07939999999999,19.6376,2.2964,20,,619.764,5,4,1,,2.713,65,72,109,322.05083333333334,1,1,322.0508333333333
EnF118m6,11_13     ,m, VAChT^En1-Cre-flox/flox,VAChT^En1-Cre-flox/flox,OK_En1CreVAChTfx_Extinction,Single-housed,Diurnal light cycle,Dr. Marco Prado - Robarts Research Institute - Ornela-Kljakic,Extinction_Probe,,,Extinction Touch - Helena - DP,EXTINCTION TEST - Helena,30,0,2015-08-23 3:57:02 PM,3.54825,27.506399999999996,23.34,3.3040999999999996,6,,625.462,10,,1,,36.664,51,108,38,321.2479,1,1,321.24789999999996
EnF119m5,11_13     ,m,VAChT^flox/flox,VAChT^En1-Cre-flox/flox,OK_En1CreVAChTfx_Extinction,Single-housed,Diurnal light cycle,Dr. Marco Prado - Robarts Research Institute - Ornela-Kljakic,Extinction_Probe,,,Extinction Touch - Helena - DP,EXTINCTION TEST - Helena,30,0,2015-08-15 2:59:19 PM,3.8354999999999997,7.183384615384615,3.431705882352941,3.3371153846153847,9,,470.228,26,,,3,,60,117,39,252.79669999999996,1,,252.79669999999996
EnF118m8,11_13     ,m, VAChT^En1-Cre-flox/flox,VAChT^En1-Cre-flox/flox,OK_En1CreVAChTfx_Extinction,Single-housed,Diurnal light cycle,Dr. Marco Prado - Robarts Research Institute - Ornela-Kljakic,Extinction_Probe,,,Extinction Touch - Helena - DP,EXTINCTION TEST - Helena,30,,2015-08-11 3:42:13 PM,5.4656666666666665,30.2599,13.2608,4.597799999999999,7,,643.385,10,2,1,1,36.881,73,,52,315.95346666666666,1,1,315.95346666666666
EnF118m7,11_13     ,m,VAChT^flox/flox,VAChT^En1-Cre-flox/flox,OK_En1CreVAChTfx_Extinction,Single-housed,Diurnal light cycle,Dr. Marco Prado - Robarts Research Institute - Ornela-Kljakic,Extinction_Probe,,,Extinction Touch - Helena - DP,EXTINCTION TEST - Helena,30,0,2015-07-14 5:28:19 PM,2.8408888888888892,40.67454545454546,24.285750000000004,5.173363636363636,16,1,612.778,11,6,1,2,26.476,43,181,33,325.85536666666667,1,1,325.85536666666667
EnF119m3,11_13     ,m, VAChT^En1-Cre-flox/flox,VAChT^En1-Cre-flox/flox,OK_En1CreVAChTfx_Extinction,Single-housed,Diurnal light cycle,Dr. Marco Prado - Robarts Research Institute - Ornela-Kljakic,Extinction_Probe,,,Extinction Touch - Helena - DP,EXTINCTION TEST - Helena,30,0,2015-09-15 3:11:51 PM,4.701333333333333,242.04399999999998,18.681,9.5245,8,1,744.212,2,5,,,,15,98,7,388.34420000000006,1,,388.34420000000006
EnF125m2,11_13     ,m,VAChT^flox/flox,VAChT^En1-Cre-flox/flox,OK_En1CreVAChTfx_Extinction,Single-housed,Diurnal light cycle,Dr. Marco Prado - Robarts Research Institute - Ornela-Kljakic,Extinction_Probe,,,Extinction Touch - Helena - DP,EXTINCTION TEST - Helena,30,0,2015-09-04 2:43:11 PM,5.834666666666667,88.5772,107.527,5.0618,4,,723.266,5,3,1,,12.375,14,89,5,377.4175000000001,1,1,377.4175000000001
EnF121m5,11_13     ,m, VAChT^En1-Cre-flox/flox,VAChT^En1-Cre-flox/flox,OK_En1CreVAChTfx_Extinction,Single-housed,Diurnal light cycle,Dr. Marco Prado - Robarts Research Institute - Ornela-Kljakic,Extinction_Probe,,,Extinction Touch - Helena - DP,EXTINCTION TEST - Helena,30,,2015-07-27 3:12:06 PM,3.3686,57.77144444444444,12.808714285714286,4.7058888888888895,6,,624.762,9,3,1,1,57.509,40,122,52,327.8883,1,1,327.8883
EnF126m2,11_13     ,m,VAChT^flox/flox,VAChT^En1-Cre-flox/flox,OK_En1CreVAChTfx_Extinction,Single-housed,Diurnal light cycle,Dr. Marco Prado - Robarts Research Institute - Ornela-Kljakic,Extinction_Probe,,,Extinction Touch - Helena - DP,EXTINCTION TEST - Helena,30,,2015-08-25 2:44:13 PM,6.938,57.541333333333334,7.418,6.1610000000000005,1,,614.078,3,8,1,1,40.044,51,64,132,312.87330000000003,1,1,312.8733
EnF118m6,11_13     ,m, VAChT^En1-Cre-flox/flox,VAChT^En1-Cre-flox/flox,OK_En1CreVAChTfx_Extinction,Single-housed,Diurnal light cycle,Dr. Marco Prado - Robarts Research Institute - Ornela-Kljakic,Extinction_Probe,,,Extinction Touch - Helena - DP,EXTINCTION TEST - Helena,30,0,2015-08-22 5:08:11 PM,2.712,19.1345625,8.817,3.4581249999999994,2,,516.48,16,1,1,1,7.023,59,82,77,249.87616666666673,1,1,249.87616666666673
EnF119m5,11_13     ,m,VAChT^flox/flox,VAChT^En1-Cre-flox/flox,OK_En1CreVAChTfx_Extinction,Single-housed,Diurnal light cycle,Dr. Marco Prado - Robarts Research Institute - Ornela-Kljakic,Extinction_Probe,,,Extinction Touch - Helena - DP,EXTINCTION TEST - Helena,30,,2015-08-20 3:14:43 PM,7.162999999999999,192.0325,21.413,2.501,6,,713.224,2,5,1,1,55.14,56,,27,365.8634666666666,1,1,365.8634666666666
EnF116m6,11_13     ,m, VAChT^En1-Cre-flox/flox,VAChT^En1-Cre-flox/flox,OK_En1CreVAChTfx_Extinction,Single-housed,Diurnal light cycle,Dr. Marco Prado - Robarts Research Institute - Ornela-Kljakic,Extinction_Probe,,,Extinction Touch - Helena - DP,EXTINCTION TEST - Helena,30,0,2015-08-09 4:12:48 PM,3.0978333333333334,11.926190476190476,14.461444444444446,4.544761904761905,14,1,612.262,21,7,,3,,22,123,17,310.10333333333335,1,,310.10333333333335
EnF118m7,11_13     ,m,VAChT^flox/flox,VAChT^En1-Cre-flox/flox,OK_En1CreVAChTfx_Extinction,Single-housed,Diurnal light cycle,Dr. Marco Prado - Robarts Research Institute - Ornela-Kljakic,Extinction_Probe,,,Extinction Touch - Helena - DP,EXTINCTION TEST - Helena,30,0,2015-07-18 4:58:00 PM,4.4463125,188.9525,79.225,8.5885,42,1,700.236,2,2,1,10,32.58,60,211,14,371.49709999999993,1,1,371.49710000000016
EnF119m3,11_13     ,m, VAChT^En1-Cre-flox/flox,VAChT^En1-Cre-flox/flox,OK_En1CreVAChTfx_Extinction,Single-housed,Diurnal light cycle,Dr. Marco Prado - Robarts Research Institute - Ornela-Kljakic,Extinction_Probe,,,Extinction Touch - Helena - DP,EXTINCTION TEST - Helena,30,0,2015-09-14 2:14:06 PM,3.8667142857142855,60.4395,106.988,3.9595000000000002,13,1,724.103,2,2,1,1,5.026,20,119,6,366.8452,1,1,366.8452
EnF119m3,11_13     ,m, VAChT^En1-Cre-flox/flox,VAChT^En1-Cre-flox/flox,OK_En1CreVAChTfx_Extinction,Single-housed,Diurnal light cycle,Dr. Marco Prado - Robarts Research Institute - Ornela-Kljakic,Extinction_Probe,,,Extinction Touch - Helena - DP,EXTINCTION TEST - Helena,30,0,2015-09-11 3:07:27 PM,3.0522,102.7915,51.66675,4.171166666666666,55,3,703.713,6,5,1,5,14.793,29,122,15,359.3604333333333,1,1,359.3604333333333
EnF119m3,11_13     ,m, VAChT^En1-Cre-flox/flox,VAChT^En1-Cre-flox/flox,OK_En1CreVAChTfx_Extinction,Single-housed,Diurnal light cycle,Dr. Marco Prado - Robarts Research Institute - Ornela-Kljakic,Extinction_Probe,,,Extinction Touch - Helena - DP,EXTINCTION TEST - Helena,30,0,2015-09-09 2:35:54 PM,2.5835714285714286,18.224588235294117,16.544,4.044117647058824,23,2,635.376,17,6,1,,14.09,28,143,14,316.06540000000007,1,1,316.06540000000007
EnF126m2,11_13     ,m,VAChT^flox/flox,VAChT^En1-Cre-flox/flox,OK_En1CreVAChTfx_Extinction,Single-housed,Diurnal light cycle,Dr. Marco Prado - Robarts Research Institute - Ornela-Kljakic,Extinction_Probe,,,Extinction Touch - Helena - DP,EXTINCTION TEST - Helena,30,0,2015-08-22 5:10:55 PM,5.23275,22.447625000000002,8.009333333333334,4.071875,8,,552.598,16,,,,,117,131,71,291.6734333333333,1,,291.6734333333333
EnF121m6,11_13     ,m, VAChT^En1-Cre-flox/flox,VAChT^En1-Cre-flox/flox,OK_En1CreVAChTfx_Extinction,Single-housed,Diurnal light cycle,Dr. Marco Prado - Robarts Research Institute - Ornela-Kljakic,Extinction_Probe,,,Extinction Touch - Helena - DP,EXTINCTION TEST - Helena,30,0,2015-08-22 5:10:22 PM,3.4590000000000005,16.72505263157895,8.541466666666668,4.514578947368421,21,1,539.309,19,1,,6,,38,151,36,295.2739333333333,1,,295.2739333333333
EnF121m4,11_13     ,m,VAChT^flox/flox,VAChT^En1-Cre-flox/flox,OK_En1CreVAChTfx_Extinction,Single-housed,Diurnal light cycle,Dr. Marco Prado - Robarts Research Institute - Ornela-Kljakic,Extinction_Probe,,,Extinction Touch - Helena - DP,EXTINCTION TEST - Helena,30,0,2015-09-14 2:43:04 PM,3.9568333333333334,82.39742857142856,22.995833333333334,5.031142857142858,10,1,680.335,7,4,1,2,27.634,32,124,43,351.5695666666667,1,1,351.5695666666667
EnF118m6,11_13     ,m, VAChT^En1-Cre-flox/flox,VAChT^En1-Cre-flox/flox,OK_En1CreVAChTfx_Extinction,Single-housed,Diurnal light cycle,Dr. Marco Prado - Robarts Research Institute - Ornela-Kljakic,Extinction_Probe,,,Extinction Touch - Helena - DP,EXTINCTION TEST - Helena,30,0,2015-08-25 3:12:39 PM,4.025,82.13433333333333,14.725833333333334,4.652666666666666,1,,605.47,6,,1,1,0.575,38,88,66,309.68243333333334,1,1,309.68243333333334
EnF119m5,11_13     ,m,VAChT^flox/flox,VAChT^En1-Cre-flox/flox,OK_En1CreVAChTfx_Extinction,Single-housed,Diurnal light cycle,Dr. Marco Prado - Robarts Research Institute - Ornela-Kljakic,Extinction_Probe,,,Extinction Touch - Helena - DP,EXTINCTION TEST - Helena,30,,2015-08-17 1:57:35 PM,5.291375,91.231,6.785999999999999,1.4315,10,,634.951,6,4,1,3,14.107,93,,33,327.04763333333335,1,1,327.04763333333335
EnF118m8,11_13     ,m, VAChT^En1-Cre-flox/flox,VAChT^En1-Cre-flox/flox,OK_En1CreVAChTfx_Extinction,Single-housed,Diurnal light cycle,Dr. Marco Prado - Robarts Research Institute - Ornela-Kljakic,Extinction_Probe,,,Extinction Touch - Helena - DP,EXTINCTION TEST - Helena,30,0,2015-08-14 2:06:44 PM,3.8529999999999998,,,,3,,619.194,,,1,1,7.593,44,86,91,306.2596,,1,306.2596
EnF118m8,11_13     ,m, VAChT^En1-Cre-flox/flox,VAChT^En1-Cre-flox/flox,OK_En1CreVAChTfx_Extinction,Single-housed,Diurnal light cycle,Dr. Marco Prado - Robarts Research Institute - Ornela-Kljakic,Extinction_Probe,,,Extinction Touch - Helena - DP,EXTINCTION TEST - Helena,30,,2015-08-10 3:08:13 PM,3.768,13.74838095238095,10.767533333333336,4.128000000000001,6,2,598.476,21,5,1,,15.608,66,,28,309.49,1,1,309.49
EnF118m7,11_13     ,m,VAChT^flox/flox,VAChT^En1-Cre-flox/flox,OK_En1CreVAChTfx_Extinction,Single-housed,Diurnal light cycle,Dr. Marco Prado - Robarts Research Institute - Ornela-Kljakic,Extinction_Probe,,,Extinction Touch - Helena - DP,EXTINCTION TEST - Helena,30,0,2015-07-15 5:36:19 PM,5.518142857142857,60.39,24.77,5.27925,10,2,674.762,8,7,1,5,34.869,,210,26,344.72860000000003,1,1,344.7286000000001
EnF125m2,11_13     ,m,VAChT^flox/flox,VAChT^En1-Cre-flox/flox,OK_En1CreVAChTfx_Extinction,Single-housed,Diurnal light cycle,Dr. Marco Prado - Robarts Research Institute - Ornela-Kljakic,Extinction_Probe,,,Extinction Touch - Helena - DP,EXTINCTION TEST - Helena,30,0,2015-09-02 3:41:57 PM,,38.200583333333334,13.626833333333332,2.78225,,,649.626,12,,1,2,22.312,21,117,11,336.1182666666667,1,1,336.1182666666667
EnF121m5,11_13     ,m, VAChT^En1-Cre-flox/flox,VAChT^En1-Cre-flox/flox,OK_En1CreVAChTfx_Extinction,Single-housed,Diurnal light cycle,Dr. Marco Prado - Robarts Research Institute - Ornela-Kljakic,Extinction_Probe,,,Extinction Touch - Helena - DP,EXTINCTION TEST - Helena,30,0,2015-07-25 3:11:30 PM,4.054666666666667,31.989769230769227,19.1375,4.258692307692307,3,,629.561,13,,1,2,55.969,49,187,28,324.2577,1,1,324.2576999999999
EnF126m2,11_13     ,m,VAChT^flox/flox,VAChT^En1-Cre-flox/flox,OK_En1CreVAChTfx_Extinction,Single-housed,Diurnal light cycle,Dr. Marco Prado - Robarts Research Institute - Ornela-Kljakic,Extinction_Probe,,,Extinction Touch - Helena - DP,EXTINCTION TEST - Helena,30,,2015-08-24 3:03:02 PM,3.531333333333334,20.276076923076918,10.610916666666666,3.6326153846153844,7,,524.217,13,,,,,70,82,232,291.4094666666667,1,,291.4094666666667
