AnimalID,Age,Sex,Genotype,Strain,ExpName,Housing,LightCycle,PISiteUser,SessionName,Image,Image_Description,Analysis_Name,Schedule_Name,Max_Number_Trials,Max_Schedule_Time,Date_Time,AVG_Blank Touch Latency,AVG_Correct Centre touch latency,AVG_Correct Reward Collection,AVG_Correct touch latency,AVG_End Summary - Blank Touches,AVG_End Summary - Centre ITI Touches,AVG_End Summary - Condition,AVG_End Summary - Corrects,AVG_End Summary - Left ITI Touches,AVG_End Summary - Omissions - Omission,AVG_End Summary - Right ITI Touches,AVG_Reward IR Breaks - Reward Beam Cnt,AVG_Screen IR Breaks - Screen IR Cnt,AVG_Tray entered - Cnt,AVG_Trial Analysis - Condition,AVG_Trial Analysis - Correct,AVG_Trial Analysis - Omissions - Omission,AVG_Trial Analysis - Time
EnF119m5,11_13     ,m,VAChT^flox/flox,VAChT^En1-Cre-flox/flox,OK_En1CreVAChTfx_Extinction,Single-housed,Diurnal light cycle,Dr. Marco Prado - Robarts Research Institute - Ornela-Kljakic,Extinction_Training,,,Extinction Touch - Helena - DP,EXTINCTION TRAIN,30,750,2015-08-14 2:27:35 PM,4.351,4.564366666666668,1.0372666666666668,4.564366666666668,7,,323.263,30,,,,54,140,53,205.29783333333333,1,,205.29783333333333
EnF119m5,11_13     ,m,VAChT^flox/flox,VAChT^En1-Cre-flox/flox,OK_En1CreVAChTfx_Extinction,Single-housed,Diurnal light cycle,Dr. Marco Prado - Robarts Research Institute - Ornela-Kljakic,Extinction_Training,,,Extinction Touch - Helena - DP,EXTINCTION TRAIN,30,750,2015-08-12 3:14:23 PM,3.6199999999999997,3.4921999999999995,1.2552333333333332,3.4921999999999995,6,,299.472,30,1,,,62,99,36,159.69006666666664,1,,159.69006666666667
EnF118m8,11_13     ,m, VAChT^En1-Cre-flox/flox,VAChT^En1-Cre-flox/flox,OK_En1CreVAChTfx_Extinction,Single-housed,Diurnal light cycle,Dr. Marco Prado - Robarts Research Institute - Ornela-Kljakic,Extinction_Training,,,Extinction Touch - Helena - DP,EXTINCTION TRAIN,30,750,2015-08-07 2:20:44 PM,1.89025,6.879266666666665,1.0035333333333332,6.879266666666665,7,,391.586,30,1,,1,91,,39,227.00746666666666,1,,227.00746666666666
EnF118m8,11_13     ,m, VAChT^En1-Cre-flox/flox,VAChT^En1-Cre-flox/flox,OK_En1CreVAChTfx_Extinction,Single-housed,Diurnal light cycle,Dr. Marco Prado - Robarts Research Institute - Ornela-Kljakic,Extinction_Training,,,Extinction Touch - Helena - DP,EXTINCTION TRAIN,30,750,2015-08-06 3:29:23 PM,9.752,3.9305999999999996,1.0615999999999999,3.9305999999999996,3,,304.869,30,,,,85,,33,175.90210000000005,1,,175.90210000000005
EnF119m3,11_13     ,m, VAChT^En1-Cre-flox/flox,VAChT^En1-Cre-flox/flox,OK_En1CreVAChTfx_Extinction,Single-housed,Diurnal light cycle,Dr. Marco Prado - Robarts Research Institute - Ornela-Kljakic,Extinction_Training,,,Extinction Touch - Helena - DP,EXTINCTION TRAIN,30,750,2015-09-04 2:35:23 PM,2.2151,3.313633333333333,1.5068666666666668,3.313633333333333,10,,300.694,30,2,,4,37,95,31,167.84670000000003,1,,167.84670000000003
EnF125m2,11_13     ,m,VAChT^flox/flox,VAChT^En1-Cre-flox/flox,OK_En1CreVAChTfx_Extinction,Single-housed,Diurnal light cycle,Dr. Marco Prado - Robarts Research Institute - Ornela-Kljakic,Extinction_Training,,,Extinction Touch - Helena - DP,EXTINCTION TRAIN,30,750,2015-08-27 3:06:39 PM,6.2625,7.354133333333332,2.316533333333334,7.354133333333332,45,,445.217,30,,,1,36,123,34,300.2378666666667,1,,300.2378666666667
EnF125m2,11_13     ,m,VAChT^flox/flox,VAChT^En1-Cre-flox/flox,OK_En1CreVAChTfx_Extinction,Single-housed,Diurnal light cycle,Dr. Marco Prado - Robarts Research Institute - Ornela-Kljakic,Extinction_Training,,,Extinction Touch - Helena - DP,EXTINCTION TRAIN,30,750,2015-08-25 3:31:27 PM,8.076200000000002,17.1481,1.2591333333333334,17.1481,56,,707.382,30,,,1,46,186,52,494.9458,1,,494.9458
EnF121m6,11_13     ,m, VAChT^En1-Cre-flox/flox,VAChT^En1-Cre-flox/flox,OK_En1CreVAChTfx_Extinction,Single-housed,Diurnal light cycle,Dr. Marco Prado - Robarts Research Institute - Ornela-Kljakic,Extinction_Training,,,Extinction Touch - Helena - DP,EXTINCTION TRAIN,30,750,2015-08-21 2:52:18 PM,2.2462999999999997,8.049299999999999,1.3707333333333334,8.049299999999999,32,3,437.648,30,,,1,38,117,39,272.9438333333333,1,,272.9438333333333
EnF126m2,11_13     ,m,VAChT^flox/flox,VAChT^En1-Cre-flox/flox,OK_En1CreVAChTfx_Extinction,Single-housed,Diurnal light cycle,Dr. Marco Prado - Robarts Research Institute - Ornela-Kljakic,Extinction_Training,,,Extinction Touch - Helena - DP,EXTINCTION TRAIN,30,750,2015-08-19 2:47:39 PM,7.296428571428572,15.496566666666668,1.6856000000000002,15.496566666666668,22,,670.516,30,1,,,115,172,55,369.63280000000003,1,,369.63280000000003
EnF126m2,11_13     ,m,VAChT^flox/flox,VAChT^En1-Cre-flox/flox,OK_En1CreVAChTfx_Extinction,Single-housed,Diurnal light cycle,Dr. Marco Prado - Robarts Research Institute - Ornela-Kljakic,Extinction_Training,,,Extinction Touch - Helena - DP,EXTINCTION TRAIN,30,750,2015-08-18 3:08:13 PM,3.8768888888888884,11.014866666666666,1.1701000000000001,11.014866666666666,15,,526.368,30,3,,,119,146,55,248.3413,1,,248.34130000000002
EnF126m2,11_13     ,m,VAChT^flox/flox,VAChT^En1-Cre-flox/flox,OK_En1CreVAChTfx_Extinction,Single-housed,Diurnal light cycle,Dr. Marco Prado - Robarts Research Institute - Ornela-Kljakic,Extinction_Training,,,Extinction Touch - Helena - DP,EXTINCTION TRAIN,30,750,2015-08-17 2:08:38 PM,8.075,8.6755,1.1803666666666668,8.6755,9,,450.73,30,,,,83,92,48,311.50763333333333,1,,311.5076333333333
EnF119m5,11_13     ,m,VAChT^flox/flox,VAChT^En1-Cre-flox/flox,OK_En1CreVAChTfx_Extinction,Single-housed,Diurnal light cycle,Dr. Marco Prado - Robarts Research Institute - Ornela-Kljakic,Extinction_Training,,,Extinction Touch - Helena - DP,EXTINCTION TRAIN,30,750,2015-08-11 3:39:32 PM,3.513,5.038899999999999,1.2523333333333333,5.038899999999999,5,,344.017,30,,,,100,122,39,185.4480666666667,1,,185.44806666666668
EnF116m6,11_13     ,m, VAChT^En1-Cre-flox/flox,VAChT^En1-Cre-flox/flox,OK_En1CreVAChTfx_Extinction,Single-housed,Diurnal light cycle,Dr. Marco Prado - Robarts Research Institute - Ornela-Kljakic,Extinction_Training,,,Extinction Touch - Helena - DP,EXTINCTION TRAIN,30,750,2015-08-08 3:35:00 PM,1.1291428571428572,3.3330666666666664,1.0545333333333333,3.3330666666666664,10,1,286.826,30,1,,2,35,94,33,158.30033333333338,1,,158.30033333333338
EnF118m7,11_13     ,m,VAChT^flox/flox,VAChT^En1-Cre-flox/flox,OK_En1CreVAChTfx_Extinction,Single-housed,Diurnal light cycle,Dr. Marco Prado - Robarts Research Institute - Ornela-Kljakic,Extinction_Training,,,Extinction Touch - Helena - DP,EXTINCTION TRAIN,30,750,2015-07-06 4:57:31 PM,4.5334166666666675,8.953133333333335,2.8363666666666663,8.953133333333335,34,,508.765,30,2,,1,42,239,45,343.30550000000005,1,,343.3055000000001
EnF122m4,11_13     ,m,VAChT^flox/flox,VAChT^En1-Cre-flox/flox,OK_En1CreVAChTfx_Extinction,Single-housed,Diurnal light cycle,Dr. Marco Prado - Robarts Research Institute - Ornela-Kljakic,Extinction_Training,,,Extinction Touch - Helena - DP,EXTINCTION TRAIN,30,750,2015-07-03 4:52:23 PM,2.9335,8.972433333333333,1.4185,8.972433333333333,6,,466.972,30,1,,,64,136,36,222.9869,1,,222.9869
EnF119m3,11_13     ,m, VAChT^En1-Cre-flox/flox,VAChT^En1-Cre-flox/flox,OK_En1CreVAChTfx_Extinction,Single-housed,Diurnal light cycle,Dr. Marco Prado - Robarts Research Institute - Ornela-Kljakic,Extinction_Training,,,Extinction Touch - Helena - DP,EXTINCTION TRAIN,30,750,2015-09-02 3:34:28 PM,1.8617500000000002,2.4661666666666666,1.7425000000000002,2.4661666666666666,14,3,281.46,30,7,,1,37,78,43,152.05769999999998,1,,152.05769999999998
EnF119m3,11_13     ,m, VAChT^En1-Cre-flox/flox,VAChT^En1-Cre-flox/flox,OK_En1CreVAChTfx_Extinction,Single-housed,Diurnal light cycle,Dr. Marco Prado - Robarts Research Institute - Ornela-Kljakic,Extinction_Training,,,Extinction Touch - Helena - DP,EXTINCTION TRAIN,30,750,2015-09-01 2:42:07 PM,7.0729000000000015,15.30353333333333,1.612266666666667,15.30353333333333,43,,688.47,30,,,4,51,172,53,373.50860000000006,1,,373.50860000000006
EnF126m2,11_13     ,m,VAChT^flox/flox,VAChT^En1-Cre-flox/flox,OK_En1CreVAChTfx_Extinction,Single-housed,Diurnal light cycle,Dr. Marco Prado - Robarts Research Institute - Ornela-Kljakic,Extinction_Training,,,Extinction Touch - Helena - DP,EXTINCTION TRAIN,30,750,2015-08-21 2:51:35 PM,1.9758571428571425,4.863600000000001,1.3987000000000003,4.863600000000001,13,,342.954,30,1,,,81,108,32,183.37086666666667,1,,183.37086666666667
EnF121m6,11_13     ,m, VAChT^En1-Cre-flox/flox,VAChT^En1-Cre-flox/flox,OK_En1CreVAChTfx_Extinction,Single-housed,Diurnal light cycle,Dr. Marco Prado - Robarts Research Institute - Ornela-Kljakic,Extinction_Training,,,Extinction Touch - Helena - DP,EXTINCTION TRAIN,30,750,2015-08-19 2:48:19 PM,2.000222222222222,5.7795999999999985,1.3320333333333332,5.7795999999999985,30,,368.397,30,2,,4,37,104,32,216.09610000000004,1,,216.09610000000004
EnF118m6,11_13     ,m, VAChT^En1-Cre-flox/flox,VAChT^En1-Cre-flox/flox,OK_En1CreVAChTfx_Extinction,Single-housed,Diurnal light cycle,Dr. Marco Prado - Robarts Research Institute - Ornela-Kljakic,Extinction_Training,,,Extinction Touch - Helena - DP,EXTINCTION TRAIN,30,750,2015-08-21 3:10:10 PM,4.7315,3.0666333333333338,1.8907999999999998,3.0666333333333338,5,,303.849,30,,,,43,74,38,182.95686666666663,1,,182.95686666666663
EnF118m6,11_13     ,m, VAChT^En1-Cre-flox/flox,VAChT^En1-Cre-flox/flox,OK_En1CreVAChTfx_Extinction,Single-housed,Diurnal light cycle,Dr. Marco Prado - Robarts Research Institute - Ornela-Kljakic,Extinction_Training,,,Extinction Touch - Helena - DP,EXTINCTION TRAIN,30,750,2015-08-19 2:37:25 PM,23.9925,5.614666666666667,2.3517333333333337,5.614666666666667,5,,394.182,30,,,1,46,65,39,271.2289,1,,271.2289
EnF116m6,11_13     ,m, VAChT^En1-Cre-flox/flox,VAChT^En1-Cre-flox/flox,OK_En1CreVAChTfx_Extinction,Single-housed,Diurnal light cycle,Dr. Marco Prado - Robarts Research Institute - Ornela-Kljakic,Extinction_Training,,,Extinction Touch - Helena - DP,EXTINCTION TRAIN,30,750,2015-08-05 2:43:28 PM,21.831999999999997,12.88163333333333,1.5536,12.88163333333333,16,,588.124,30,,,1,153,,40,409.30199999999985,1,,409.30199999999985
EnF116m6,11_13     ,m, VAChT^En1-Cre-flox/flox,VAChT^En1-Cre-flox/flox,OK_En1CreVAChTfx_Extinction,Single-housed,Diurnal light cycle,Dr. Marco Prado - Robarts Research Institute - Ornela-Kljakic,Extinction_Training,,,Extinction Touch - Helena - DP,EXTINCTION TRAIN,30,750,2015-08-04 2:08:12 PM,8.349125,8.930033333333334,1.5207666666666668,8.930033333333334,21,,468.599,30,,,,95,,39,258.42956666666663,1,,258.42956666666663
EnF125m2,11_13     ,m,VAChT^flox/flox,VAChT^En1-Cre-flox/flox,OK_En1CreVAChTfx_Extinction,Single-housed,Diurnal light cycle,Dr. Marco Prado - Robarts Research Institute - Ornela-Kljakic,Extinction_Training,,,Extinction Touch - Helena - DP,EXTINCTION TRAIN,30,750,2015-08-24 3:45:02 PM,23.855,,,,33,,750,,2,,,29,148,8,,,,
EnF121m5,11_13     ,m, VAChT^En1-Cre-flox/flox,VAChT^En1-Cre-flox/flox,OK_En1CreVAChTfx_Extinction,Single-housed,Diurnal light cycle,Dr. Marco Prado - Robarts Research Institute - Ornela-Kljakic,Extinction_Training,,,Extinction Touch - Helena - DP,EXTINCTION TRAIN,30,750,2015-07-23 2:06:36 PM,4.379333333333333,2.0687666666666664,1.0365999999999997,2.0687666666666664,9,2,248.235,30,1,,5,43,114,35,147.09803333333332,1,,147.09803333333332
EnF121m4,11_13     ,m,VAChT^flox/flox,VAChT^En1-Cre-flox/flox,OK_En1CreVAChTfx_Extinction,Single-housed,Diurnal light cycle,Dr. Marco Prado - Robarts Research Institute - Ornela-Kljakic,Extinction_Training,,,Extinction Touch - Helena - DP,EXTINCTION TRAIN,30,750,2015-09-03 3:40:30 PM,2.197375,3.6749,0.95,3.6749,15,2,293.904,30,6,,1,38,97,35,168.1643666666667,1,,168.1643666666667
EnF121m4,11_13     ,m,VAChT^flox/flox,VAChT^En1-Cre-flox/flox,OK_En1CreVAChTfx_Extinction,Single-housed,Diurnal light cycle,Dr. Marco Prado - Robarts Research Institute - Ornela-Kljakic,Extinction_Training,,,Extinction Touch - Helena - DP,EXTINCTION TRAIN,30,750,2015-09-01 2:55:10 PM,2.111727272727273,3.938566666666667,1.1728000000000003,3.938566666666667,26,,309.307,30,,,4,38,93,33,182.4478,1,,182.4478
EnF118m7,11_13     ,m,VAChT^flox/flox,VAChT^En1-Cre-flox/flox,OK_En1CreVAChTfx_Extinction,Single-housed,Diurnal light cycle,Dr. Marco Prado - Robarts Research Institute - Ornela-Kljakic,Extinction_Training,,,Extinction Touch - Helena - DP,EXTINCTION TRAIN,30,750,2015-07-09 5:24:41 PM,2.789571428571428,4.189366666666667,1.1319333333333335,4.189366666666667,11,4,314.754,30,3,,3,52,177,33,189.54153333333335,1,,189.54153333333332
EnF118m7,11_13     ,m,VAChT^flox/flox,VAChT^En1-Cre-flox/flox,OK_En1CreVAChTfx_Extinction,Single-housed,Diurnal light cycle,Dr. Marco Prado - Robarts Research Institute - Ornela-Kljakic,Extinction_Training,,,Extinction Touch - Helena - DP,EXTINCTION TRAIN,30,750,2015-07-07 5:10:14 PM,1.679888888888889,5.415466666666668,0.9395666666666666,5.415466666666668,20,1,345.81,30,5,,1,51,198,39,206.83610000000002,1,,206.83610000000002
EnF121m5,11_13     ,m, VAChT^En1-Cre-flox/flox,VAChT^En1-Cre-flox/flox,OK_En1CreVAChTfx_Extinction,Single-housed,Diurnal light cycle,Dr. Marco Prado - Robarts Research Institute - Ornela-Kljakic,Extinction_Training,,,Extinction Touch - Helena - DP,EXTINCTION TRAIN,30,750,2015-07-21 3:51:51 PM,2.780666666666667,3.4670666666666663,1.0832666666666666,3.4670666666666663,5,,292.492,30,1,,1,39,110,43,150.2938,1,,150.2938
EnF118m6,11_13     ,m, VAChT^En1-Cre-flox/flox,VAChT^En1-Cre-flox/flox,OK_En1CreVAChTfx_Extinction,Single-housed,Diurnal light cycle,Dr. Marco Prado - Robarts Research Institute - Ornela-Kljakic,Extinction_Training,,,Extinction Touch - Helena - DP,EXTINCTION TRAIN,30,750,2015-08-20 3:13:52 PM,12.5895,5.831966666666667,1.2097,5.831966666666667,10,,366.453,30,,,,1,97,47,247.73306666666673,1,,247.73306666666673
EnF118m6,11_13     ,m, VAChT^En1-Cre-flox/flox,VAChT^En1-Cre-flox/flox,OK_En1CreVAChTfx_Extinction,Single-housed,Diurnal light cycle,Dr. Marco Prado - Robarts Research Institute - Ornela-Kljakic,Extinction_Training,,,Extinction Touch - Helena - DP,EXTINCTION TRAIN,30,750,2015-08-18 2:58:20 PM,29.9185,9.202966666666667,1.1836666666666664,9.202966666666667,2,,466.706,30,,,,,61,36,280.0263666666667,1,,280.0263666666667
EnF118m8,11_13     ,m, VAChT^En1-Cre-flox/flox,VAChT^En1-Cre-flox/flox,OK_En1CreVAChTfx_Extinction,Single-housed,Diurnal light cycle,Dr. Marco Prado - Robarts Research Institute - Ornela-Kljakic,Extinction_Training,,,Extinction Touch - Helena - DP,EXTINCTION TRAIN,30,750,2015-08-05 2:59:12 PM,2.1215,3.4889666666666677,1.3402999999999998,3.4889666666666677,7,,300.07,30,,,4,59,,46,169.72559999999996,1,,169.72559999999996
EnF118m8,11_13     ,m, VAChT^En1-Cre-flox/flox,VAChT^En1-Cre-flox/flox,OK_En1CreVAChTfx_Extinction,Single-housed,Diurnal light cycle,Dr. Marco Prado - Robarts Research Institute - Ornela-Kljakic,Extinction_Training,,,Extinction Touch - Helena - DP,EXTINCTION TRAIN,30,750,2015-08-04 2:35:34 PM,4.2433749999999995,3.7227666666666672,1.6718,3.7227666666666672,13,,318.384,30,,,,76,,40,174.48836666666662,1,,174.48836666666662
EnF121m5,11_13     ,m, VAChT^En1-Cre-flox/flox,VAChT^En1-Cre-flox/flox,OK_En1CreVAChTfx_Extinction,Single-housed,Diurnal light cycle,Dr. Marco Prado - Robarts Research Institute - Ornela-Kljakic,Extinction_Training,,,Extinction Touch - Helena - DP,EXTINCTION TRAIN,30,750,2015-07-24 2:32:50 PM,0.9075000000000001,1.3435333333333332,1.1041333333333332,1.3435333333333332,14,2,228.574,30,2,,4,47,127,30,123.21953333333333,1,,123.21953333333333
EnF121m5,11_13     ,m, VAChT^En1-Cre-flox/flox,VAChT^En1-Cre-flox/flox,OK_En1CreVAChTfx_Extinction,Single-housed,Diurnal light cycle,Dr. Marco Prado - Robarts Research Institute - Ornela-Kljakic,Extinction_Training,,,Extinction Touch - Helena - DP,EXTINCTION TRAIN,30,750,2015-07-22 12:52:41 PM,8.5175,5.1623,1.1668666666666667,5.1623,15,,344.976,30,,,1,40,123,32,231.28753333333333,1,,231.28753333333333
EnF121m4,11_13     ,m,VAChT^flox/flox,VAChT^En1-Cre-flox/flox,OK_En1CreVAChTfx_Extinction,Single-housed,Diurnal light cycle,Dr. Marco Prado - Robarts Research Institute - Ornela-Kljakic,Extinction_Training,,,Extinction Touch - Helena - DP,EXTINCTION TRAIN,30,750,2015-09-02 3:58:37 PM,6.212999999999998,3.7072666666666665,0.9309,3.7072666666666665,12,1,299.105,30,1,,3,40,108,31,183.8381666666667,1,,183.8381666666667
EnF118m6,11_13     ,m, VAChT^En1-Cre-flox/flox,VAChT^En1-Cre-flox/flox,OK_En1CreVAChTfx_Extinction,Single-housed,Diurnal light cycle,Dr. Marco Prado - Robarts Research Institute - Ornela-Kljakic,Extinction_Training,,,Extinction Touch - Helena - DP,EXTINCTION TRAIN,30,750,2015-08-17 1:56:57 PM,23.923999999999996,8.6499,1.7405,8.6499,11,,467.579,30,,,,47,51,49,269.6626333333333,1,,269.6626333333333
EnF116m6,11_13     ,m, VAChT^En1-Cre-flox/flox,VAChT^En1-Cre-flox/flox,OK_En1CreVAChTfx_Extinction,Single-housed,Diurnal light cycle,Dr. Marco Prado - Robarts Research Institute - Ornela-Kljakic,Extinction_Training,,,Extinction Touch - Helena - DP,EXTINCTION TRAIN,30,750,2015-08-06 3:12:41 PM,3.8186666666666667,3.9152999999999993,1.3791000000000004,3.9152999999999993,8,,314.014,30,,,1,74,,32,182.46790000000001,1,,182.46790000000001
EnF118m7,11_13     ,m,VAChT^flox/flox,VAChT^En1-Cre-flox/flox,OK_En1CreVAChTfx_Extinction,Single-housed,Diurnal light cycle,Dr. Marco Prado - Robarts Research Institute - Ornela-Kljakic,Extinction_Training,,,Extinction Touch - Helena - DP,EXTINCTION TRAIN,30,750,2015-07-08 5:24:30 PM,3.8216,3.3003333333333336,0.9957666666666665,3.3003333333333336,7,2,284.08,30,5,,3,58,152,37,155.34666666666666,1,,155.3466666666667
EnF122m4,11_13     ,m,VAChT^flox/flox,VAChT^En1-Cre-flox/flox,OK_En1CreVAChTfx_Extinction,Single-housed,Diurnal light cycle,Dr. Marco Prado - Robarts Research Institute - Ornela-Kljakic,Extinction_Training,,,Extinction Touch - Helena - DP,EXTINCTION TRAIN,30,750,2015-06-29 4:09:40 PM,12.699500000000002,5.471133333333335,1.3982999999999999,5.471133333333335,8,3,361.154,30,2,,,45,137,36,235.72313333333332,1,,235.72313333333332
EnF119m3,11_13     ,m, VAChT^En1-Cre-flox/flox,VAChT^En1-Cre-flox/flox,OK_En1CreVAChTfx_Extinction,Single-housed,Diurnal light cycle,Dr. Marco Prado - Robarts Research Institute - Ornela-Kljakic,Extinction_Training,,,Extinction Touch - Helena - DP,EXTINCTION TRAIN,30,750,2015-09-08 3:20:20 PM,1.1801,4.225466666666667,1.360633333333333,4.225466666666667,29,1,323.536,30,2,,5,38,79,32,184.92623333333333,1,,184.92623333333333
EnF125m2,11_13     ,m,VAChT^flox/flox,VAChT^En1-Cre-flox/flox,OK_En1CreVAChTfx_Extinction,Single-housed,Diurnal light cycle,Dr. Marco Prado - Robarts Research Institute - Ornela-Kljakic,Extinction_Training,,,Extinction Touch - Helena - DP,EXTINCTION TRAIN,30,750,2015-08-28 3:13:06 PM,1.8186000000000004,5.772266666666668,1.2216999999999998,5.772266666666668,20,,365.784,30,1,,4,38,112,39,214.94616666666667,1,,214.94616666666667
EnF121m6,11_13     ,m, VAChT^En1-Cre-flox/flox,VAChT^En1-Cre-flox/flox,OK_En1CreVAChTfx_Extinction,Single-housed,Diurnal light cycle,Dr. Marco Prado - Robarts Research Institute - Ornela-Kljakic,Extinction_Training,,,Extinction Touch - Helena - DP,EXTINCTION TRAIN,30,750,2015-08-17 2:09:14 PM,6.090533333333334,16.4811,2.373966666666667,16.4811,51,,720.752,30,,,1,48,222,44,396.0063,1,,396.00630000000007
EnF119m5,11_13     ,m,VAChT^flox/flox,VAChT^En1-Cre-flox/flox,OK_En1CreVAChTfx_Extinction,Single-housed,Diurnal light cycle,Dr. Marco Prado - Robarts Research Institute - Ornela-Kljakic,Extinction_Training,,,Extinction Touch - Helena - DP,EXTINCTION TRAIN,30,750,2015-08-10 3:17:29 PM,6.793833333333333,5.562966666666668,2.2644,5.562966666666668,16,,389.916,30,1,,,43,116,44,249.0068666666667,1,,249.0068666666667
EnF118m8,11_13     ,m, VAChT^En1-Cre-flox/flox,VAChT^En1-Cre-flox/flox,OK_En1CreVAChTfx_Extinction,Single-housed,Diurnal light cycle,Dr. Marco Prado - Robarts Research Institute - Ornela-Kljakic,Extinction_Training,,,Extinction Touch - Helena - DP,EXTINCTION TRAIN,30,750,2015-08-08 3:35:36 PM,18.389333333333333,9.2294,0.8555,9.2294,3,1,457.634,30,1,,,89,206,79,255.91733333333332,1,,255.91733333333335
EnF122m4,11_13     ,m,VAChT^flox/flox,VAChT^En1-Cre-flox/flox,OK_En1CreVAChTfx_Extinction,Single-housed,Diurnal light cycle,Dr. Marco Prado - Robarts Research Institute - Ornela-Kljakic,Extinction_Training,,,Extinction Touch - Helena - DP,EXTINCTION TRAIN,30,750,2015-07-02 4:25:42 PM,2.7289999999999996,3.5983666666666667,1.0061000000000002,3.5983666666666667,14,,293.302,30,2,,1,38,100,31,148.57700000000003,1,,148.57699999999997
EnF122m4,11_13     ,m,VAChT^flox/flox,VAChT^En1-Cre-flox/flox,OK_En1CreVAChTfx_Extinction,Single-housed,Diurnal light cycle,Dr. Marco Prado - Robarts Research Institute - Ornela-Kljakic,Extinction_Training,,,Extinction Touch - Helena - DP,EXTINCTION TRAIN,30,750,2015-06-30 4:32:10 PM,3.6944999999999997,4.184333333333334,0.9849333333333334,4.184333333333334,9,3,310.318,30,3,,,47,113,36,175.99286666666666,1,,175.99286666666666
EnF125m2,11_13     ,m,VAChT^flox/flox,VAChT^En1-Cre-flox/flox,OK_En1CreVAChTfx_Extinction,Single-housed,Diurnal light cycle,Dr. Marco Prado - Robarts Research Institute - Ornela-Kljakic,Extinction_Training,,,Extinction Touch - Helena - DP,EXTINCTION TRAIN,30,750,2015-08-31 3:36:27 PM,4.380799999999999,7.248499999999997,1.2963333333333333,7.248499999999997,24,,411.513,30,,,8,48,143,41,227.02689999999998,1,,227.02689999999998
EnF119m3,11_13     ,m, VAChT^En1-Cre-flox/flox,VAChT^En1-Cre-flox/flox,OK_En1CreVAChTfx_Extinction,Single-housed,Diurnal light cycle,Dr. Marco Prado - Robarts Research Institute - Ornela-Kljakic,Extinction_Training,,,Extinction Touch - Helena - DP,EXTINCTION TRAIN,30,750,2015-08-31 3:31:22 PM,15.135181818181819,24.525958333333335,1.7916956521739136,24.525958333333335,26,,750,23,,,,78,197,43,496.6130869565218,1,,496.6130869565218
EnF121m6,11_13     ,m, VAChT^En1-Cre-flox/flox,VAChT^En1-Cre-flox/flox,OK_En1CreVAChTfx_Extinction,Single-housed,Diurnal light cycle,Dr. Marco Prado - Robarts Research Institute - Ornela-Kljakic,Extinction_Training,,,Extinction Touch - Helena - DP,EXTINCTION TRAIN,30,750,2015-08-20 3:13:23 PM,5.1977777777777785,3.9086333333333334,1.362633333333333,3.9086333333333334,21,9,313.248,30,,,1,36,87,36,199.4579666666667,1,,199.45796666666666
EnF126m2,11_13     ,m,VAChT^flox/flox,VAChT^En1-Cre-flox/flox,OK_En1CreVAChTfx_Extinction,Single-housed,Diurnal light cycle,Dr. Marco Prado - Robarts Research Institute - Ornela-Kljakic,Extinction_Training,,,Extinction Touch - Helena - DP,EXTINCTION TRAIN,30,750,2015-08-20 3:12:49 PM,4.690333333333334,5.059099999999999,1.2714,5.059099999999999,11,2,344.991,30,7,,1,27,110,37,213.19933333333339,1,,213.19933333333339
EnF121m4,11_13     ,m,VAChT^flox/flox,VAChT^En1-Cre-flox/flox,OK_En1CreVAChTfx_Extinction,Single-housed,Diurnal light cycle,Dr. Marco Prado - Robarts Research Institute - Ornela-Kljakic,Extinction_Training,,,Extinction Touch - Helena - DP,EXTINCTION TRAIN,30,750,2015-09-04 2:43:36 PM,1.939090909090909,4.5551,1.1543333333333334,4.5551,26,,326.385,30,1,,1,38,126,33,196.5654,1,,196.5654
EnF121m4,11_13     ,m,VAChT^flox/flox,VAChT^En1-Cre-flox/flox,OK_En1CreVAChTfx_Extinction,Single-housed,Diurnal light cycle,Dr. Marco Prado - Robarts Research Institute - Ornela-Kljakic,Extinction_Training,,,Extinction Touch - Helena - DP,EXTINCTION TRAIN,30,750,2015-08-31 3:10:51 PM,2.544,6.9422333333333315,1.6180333333333332,6.9422333333333315,31,1,414.602,30,3,,2,43,118,44,279.8137666666667,1,,279.8137666666667
EnF119m5,11_13     ,m,VAChT^flox/flox,VAChT^En1-Cre-flox/flox,OK_En1CreVAChTfx_Extinction,Single-housed,Diurnal light cycle,Dr. Marco Prado - Robarts Research Institute - Ornela-Kljakic,Extinction_Training,,,Extinction Touch - Helena - DP,EXTINCTION TRAIN,30,750,2015-08-13 3:04:26 PM,15.726,5.4436333333333335,0.9993666666666667,5.4436333333333335,12,1,348.467,30,5,,2,63,123,52,219.40843333333333,1,,219.40843333333333
EnF116m6,11_13     ,m, VAChT^En1-Cre-flox/flox,VAChT^En1-Cre-flox/flox,OK_En1CreVAChTfx_Extinction,Single-housed,Diurnal light cycle,Dr. Marco Prado - Robarts Research Institute - Ornela-Kljakic,Extinction_Training,,,Extinction Touch - Helena - DP,EXTINCTION TRAIN,30,750,2015-08-07 2:00:11 PM,2.08725,5.936233333333332,1.3586,5.936233333333332,10,,373.926,30,1,,2,102,,40,220.20679999999996,1,,220.20679999999996
EnF118m7,11_13     ,m,VAChT^flox/flox,VAChT^En1-Cre-flox/flox,OK_En1CreVAChTfx_Extinction,Single-housed,Diurnal light cycle,Dr. Marco Prado - Robarts Research Institute - Ornela-Kljakic,Extinction_Training,,,Extinction Touch - Helena - DP,EXTINCTION TRAIN,30,750,2015-07-10 5:23:30 PM,6.1675555555555555,6.5177000000000005,1.4004666666666665,6.5177000000000005,14,2,392.63,30,2,,1,55,128,40,245.53826666666663,1,,245.53826666666671
EnF122m4,11_13     ,m,VAChT^flox/flox,VAChT^En1-Cre-flox/flox,OK_En1CreVAChTfx_Extinction,Single-housed,Diurnal light cycle,Dr. Marco Prado - Robarts Research Institute - Ornela-Kljakic,Extinction_Training,,,Extinction Touch - Helena - DP,EXTINCTION TRAIN,30,750,2015-07-06 5:26:17 PM,7.4083,12.54553333333334,0.7809333333333335,12.54553333333334,19,3,554.874,30,13,,1,78,184,39,373.28906666666666,1,,373.28906666666666
EnF119m3,11_13     ,m, VAChT^En1-Cre-flox/flox,VAChT^En1-Cre-flox/flox,OK_En1CreVAChTfx_Extinction,Single-housed,Diurnal light cycle,Dr. Marco Prado - Robarts Research Institute - Ornela-Kljakic,Extinction_Training,,,Extinction Touch - Helena - DP,EXTINCTION TRAIN,30,750,2015-09-03 3:03:21 PM,1.8675454545454544,3.371266666666666,1.6097000000000001,3.371266666666666,26,11,304.604,30,6,,5,38,116,39,164.3037666666667,1,,164.3037666666667
EnF125m2,11_13     ,m,VAChT^flox/flox,VAChT^En1-Cre-flox/flox,OK_En1CreVAChTfx_Extinction,Single-housed,Diurnal light cycle,Dr. Marco Prado - Robarts Research Institute - Ornela-Kljakic,Extinction_Training,,,Extinction Touch - Helena - DP,EXTINCTION TRAIN,30,750,2015-08-26 3:47:36 PM,2.751777777777778,7.302733333333334,1.3760000000000003,7.302733333333334,29,,416.046,30,,,1,39,125,39,248.15013333333337,1,,248.15013333333337
EnF121m5,11_13     ,m, VAChT^En1-Cre-flox/flox,VAChT^En1-Cre-flox/flox,OK_En1CreVAChTfx_Extinction,Single-housed,Diurnal light cycle,Dr. Marco Prado - Robarts Research Institute - Ornela-Kljakic,Extinction_Training,,,Extinction Touch - Helena - DP,EXTINCTION TRAIN,30,750,2015-07-20 4:47:11 PM,5.111571428571429,6.192533333333334,1.185533333333333,6.192533333333334,14,,377.561,30,,,8,,149,57,252.51269999999994,1,,252.51269999999994
EnF121m6,11_13     ,m, VAChT^En1-Cre-flox/flox,VAChT^En1-Cre-flox/flox,OK_En1CreVAChTfx_Extinction,Single-housed,Diurnal light cycle,Dr. Marco Prado - Robarts Research Institute - Ornela-Kljakic,Extinction_Training,,,Extinction Touch - Helena - DP,EXTINCTION TRAIN,30,750,2015-08-18 3:08:52 PM,8.914846153846154,15.592266666666665,1.3710666666666669,15.592266666666665,61,,663.943,30,1,,,45,193,34,382.6499999999999,1,,382.6499999999999
